Categoria,Contrato,Modelo Titular,Operação ,Cadastro - Logistics,Cadastro como Deveria Ser,Modo de carga,Placa,Ultimo BIPE,Dias Sem BIPE,Cadastro,Valor Diária,Energia,STATUS DO FORMS,STATUS DO VEÍCULO,MOTIVO DA MANUTENÇÃO,DESCRIÇÃO DO PROBLEMA (+ recente),ATUALIZAÇÕES,STATUS GEOTAB,Ultima Localização,Nº DE SERIE GEOTAB,Ultima Localização,Horário,Oficina,Contato ,Previsão Desmobilização,TICKET MANUTENÇÃO ROTAGYN,Estacionamentos - veículos em manutenção,Devolução,Representante da Basepex,Data devolução,FORMS
Large Van Elétrica,Localiza,E-Transit,SSP18,Large Van Elétrica - Equipe Única - Localiza,Large Van Elétrica - Equipe Única - Localiza,CAAS - Ezvolt - Jundiaí,TAR1I83,06/08/2026,5,Large Van Elétrica - Equipe Única - Localiza,"R$ 1.033,00","R$ 39,00",RODOU,ATIVO,-,-,SÓ LEVAR O VEÍCULO NA OFICINA ,OK,"Av. Antônio Frederico Ozanan, 11100 - Distrito Industrial, Jundiaí - SP, 13213-100, Brasil",G931W708B5NK,03/08/2026,19:01:45,-,-,10/ago./26,,,PENDENTE,,,NÃO
Van Elétrica,Arval,JAC 5.5,SSP18,Van Elétrica JV,Van Elétrica JV,CAAS - Ezvolt - Jundiaí,TAO1B46,07/08/2026,4,Van Elétrica JV,"R$ 774,00","R$ 34,00",RODOU,ATIVO,-,-,,OK,"R. Nilo Peçanha, 340 - Jardim Nova Belem, Francisco Morato - SP, 07909-020, Brasil",G978SPY8W407,03/08/2026,19:08:30,-,-,10/ago./26,,,PENDENTE,,,NÃO
Large Van Elétrica,Localiza,E-Transit,SSP18,Large Van Elétrica - Equipe Única - Localiza,Large Van Elétrica - Equipe Única - Localiza,Infra MLP,TAR1J52,07/08/2026,4,Large Van Elétrica - Equipe Única - Localiza,"R$ 1.033,00","R$ 39,00",RODOU,ATIVO,-,-,,OK,"Av. Antônio Frederico Ozanan, 11000 - Distrito Industrial, Jundiaí - SP, 13213-030, Brasil",G9UF65EBWTYN,03/08/2026,19:10:30,-,-,10/ago./26,,,PENDENTE,,,NÃO
Van Elétrica,Arval,JAC 5.5,SSP18,Van Elétrica JV,Van Elétrica JV,Infra Interna,TAS8D63,07/08/2026,4,Van Elétrica JV,"R$ 774,00","R$ 34,00",RODOU,ATIVO,-,-,-,OK,"Av. Antônio Frederico Ozanan, 11100 - Distrito Industrial, Jundiaí - SP, 13213-100, Brasil",G9S4VW0SEKJ8,03/08/2026,18:49:44,-,-,10/ago./26,,,PENDENTE,,,NÃO
Van Elétrica,Arval,JAC 5.5,SSP18,Van Elétrica JV,Van Elétrica JV,Infra Interna,TAO1A65,08/08/2026,3,Van Elétrica JV,"R$ 774,00","R$ 34,00",RODOU,ATIVO,-,-,,OK,"Av. Antônio Frederico Ozanan, 11100 - Distrito Industrial, Jundiaí - SP, 13213-100, Brasil",G9SBWYFY0WB9,03/08/2026,19:10:29,-,-,10/ago./26,,,PENDENTE,,,NÃO
Van Elétrica,Arval,JAC 5.5,SSP18,Van Elétrica JV,Van Elétrica JV,CAAS - Ezvolt - Jundiaí,TAO1A66,03/08/2026,8,Van Elétrica JV,"R$ 774,00","R$ 34,00",RODOU,ATIVO,-,-,,OK,"Av. Quatorze de Dezembro, 3060 - Vila Francisco Eber, Jundiaí - SP, 13206-105, Brasil",G9E92YZCPF4H,03/08/2026,19:04:19,-,-,10/ago./26,,,PENDENTE,,,NÃO
Van Elétrica,Arval,JAC 5.5,SSP18,Van Elétrica JV,Van Elétrica JV,Infra MLP,TAO0J49,08/08/2026,3,Van Elétrica JV,"R$ 774,00","R$ 34,00",RODOU,ATIVO,-,-,,OK,"R. Dante Belodi, 305 - Jardim Ermida II, Jundiaí - SP, 13212-200, Brasil",G9932YNR8B3Z,03/08/2026,19:10:26,-,-,10/ago./26,,,PENDENTE,,,NÃO
Large Van Elétrica,Localiza,E-Transit,SSP18,Large Van Elétrica - Equipe Única - Localiza,Large Van Elétrica - Equipe Única - Localiza,CAAS - Ezvolt - Jundiaí,TAR1I85,08/08/2026,3,Large Van Elétrica - Equipe Única - Localiza,"R$ 1.033,00","R$ 39,00",RODOU,ATIVO,-,-,,OK,"Av. Antônio Frederico Ozanan, 11000 - Distrito Industrial, Jundiaí - SP, 13213-030, Brasil",G9HJK7H5KPVX,03/08/2026,18:51:53,-,-,10/ago./26,,,PENDENTE,,,NÃO
Large Van Elétrica,EVM,JAC E-JV12,SSP18,Large Van Eletrica J750,Large Van Eletrica J750,CAAS - Ezvolt - Jundiaí,TAS9D72,08/08/2026,3,Large Van Eletrica J750,"R$ 1.012,00","R$ 39,00",RODOU,ATIVO,-,-,reaberto sinistro em 14//04 (evm cancelou o anterior); evm informou que enviara para oficina em 20/04/26 -  previsão de peça 29/05,OK,"Av. Antônio Frederico Ozanan, 11100 - Distrito Industrial, Jundiaí - SP, 13213-100, Brasil",G9MMZU147K0F,03/08/2026,19:03:58,-,-,10/ago./26,,,PENDENTE,,,NÃO
Large Van Elétrica,Localiza,E-Transit,SSP18,Large Van Elétrica - Equipe Única - Localiza,Large Van Elétrica - Equipe Única - Localiza,CAAS - Ezvolt - Jundiaí,TAR1I72,08/08/2026,3,Large Van Elétrica - Equipe Única - Localiza,"R$ 1.033,00","R$ 39,00",RODOU,ATIVO,-,-,PHC,OK,"Av. Antônio Frederico Ozanan, 11000 - Distrito Industrial, Jundiaí - SP, 13213-030, Brasil",G98X74H8XDZ2,03/08/2026,19:06:46,-,-,10/ago./26,,,PENDENTE,,,NÃO
Large Van Elétrica,Localiza,E-Transit,SSP18,Large Van Elétrica - Equipe Única - Localiza,Large Van Elétrica - Equipe Única - Localiza,CAAS - Ezvolt - Jundiaí,TAR1I80,09/08/2026,2,Large Van Elétrica - Equipe Única - Localiza,"R$ 1.033,00","R$ 39,00",RODOU,ATIVO,-,-,COMPRA DE PEÇA ENVIO PARA PHC,OK,"Av. Antônio Frederico Ozanan, 11100 - Distrito Industrial, Jundiaí - SP, 13213-100, Brasil",G9TZRN0T4CA6,03/08/2026,19:09:20,-,-,10/ago./26,,,PENDENTE,,,NÃO
Van Elétrica,Arval,JAC 5.5,SSP18,Van Elétrica JV,Van Elétrica JV,CAAS - Ezvolt - Jundiaí,TAO1A54,09/08/2026,2,Van Elétrica JV,"R$ 774,00","R$ 34,00",RODOU,ATIVO,-,-,,OK,"Av. Quatorze de Dezembro, 3060 - Vila Francisco Eber, Jundiaí - SP, 13206-105, Brasil",G9C4UA138559,03/08/2026,19:10:23,-,-,10/ago./26,,,PENDENTE,,,NÃO
Van Elétrica,Arval,JAC 5.5,SSP18,Van Elétrica JV,Van Elétrica JV,CAAS - Ezvolt - Jundiaí,TAO0J39,08/08/2026,3,Van Elétrica JV,"R$ 774,00","R$ 34,00",RODOU,ATIVO,-,-,,OK,"Av. Quatorze de Dezembro, 3060 - Vila Francisco Eber, Jundiaí - SP, 13206-105, Brasil",G9FSTPET0URF,03/08/2026,18:55:33,-,-,10/ago./26,,,PENDENTE,,,NÃO
Van Elétrica,Arval,JAC 5.5,SSP18,Van Elétrica JV,Van Elétrica JV,CAAS - Ezvolt - Jundiaí,TAO1A53,08/08/2026,3,Van Elétrica JV,"R$ 774,00","R$ 34,00",RODOU,ATIVO,-,-,,OK,"Av. Antônio Frederico Ozanan, 11100 - Distrito Industrial, Jundiaí - SP, 13213-100, Brasil",G92A2KBS73Z6,03/08/2026,19:08:23,-,-,10/ago./26,,,PENDENTE,,,NÃO
Van Elétrica,Arval,JAC 5.5,SSP18,Van Elétrica JV,Van Elétrica JV,Infra MLP,TAO1A56,07/08/2026,4,Van Elétrica JV,"R$ 774,00","R$ 34,00",RODOU,ATIVO,-,-,sem previsão,OK,"Av. Quatorze de Dezembro, 2176 - Jardim Cidapel, Jundiaí - SP, 13206-105, Brasil",G9XW8KJ7WS8M,03/08/2026,19:07:02,-,-,10/ago./26,,,PENDENTE,,,NÃO
Large Van Elétrica,Localiza,E-Transit,SSP18,Large Van Elétrica - Equipe Única - Localiza,Large Van Elétrica - Equipe Única - Localiza,CAAS - Ezvolt - Jundiaí,TAR1I93,09/08/2026,2,Large Van Elétrica - Equipe Única - Localiza,"R$ 1.033,00","R$ 39,00",RODOU,ATIVO,-,-,,OK,"Av. Antônio Frederico Ozanan, 11100 - Distrito Industrial, Jundiaí - SP, 13213-100, Brasil",G9JN3NCEFRPC,03/08/2026,18:43:00,-,-,10/ago./26,,,PENDENTE,,,NÃO
Large Van Elétrica,Localiza,E-Transit,SSP18,Large Van Elétrica - Equipe Única - Localiza,Large Van Elétrica - Equipe Única - Localiza,CAAS - Ezvolt - Jundiaí,TAR1I91,07/08/2026,4,Large Van Elétrica - Equipe Única - Localiza,"R$ 1.033,00","R$ 39,00",RODOU,ATIVO,-,-,,OK,"Av. Antônio Frederico Ozanan, 11000 - Distrito Industrial, Jundiaí - SP, 13213-030, Brasil",G9794BB7FJ0W,03/08/2026,19:08:56,-,-,10/ago./26,,,PENDENTE,,,NÃO
Van Elétrica,Arval,JAC 5.5,SSP18,Van Elétrica JV,Van Elétrica JV,CAAS - Ezvolt - Jundiaí,TAT0C30,08/08/2026,3,Van Elétrica JV,"R$ 774,00","R$ 34,00",RODOU,ATIVO,-,-,,OK,"Av. Antônio Frederico Ozanan, 11100 - Distrito Industrial, Jundiaí - SP, 13213-100, Brasil",G9X4B4VCFM9A,03/08/2026,18:58:42,-,-,10/ago./26,,,PENDENTE,,,NÃO
Large Van Elétrica,Localiza,E-Transit,SSP18,Large Van Elétrica - Equipe Única - Localiza,Large Van Elétrica - Equipe Única - Localiza,CAAS - Ezvolt - Jundiaí,TAR1I79,07/08/2026,4,Large Van Elétrica - Equipe Única - Localiza,"R$ 1.033,00","R$ 39,00",RODOU,ATIVO,-,-,AGUARDANDO APROVAÇÃO DE ORÇAMENTO,OK,"Av. Antônio Frederico Ozanan, 11000 - Distrito Industrial, Jundiaí - SP, 13213-030, Brasil",G9JTR21S957A,03/08/2026,19:04:48,-,-,10/ago./26,,,PENDENTE,,,NÃO
Van Elétrica,Arval,JAC 5.5,SSP18,Van Elétrica JV,Van Elétrica JV,Infra Interna,TAO1B40,08/08/2026,3,Van Elétrica JV,"R$ 774,00","R$ 34,00",RODOU,ATIVO,-,-,,OK,"Av. Antônio Frederico Ozanan, 11100 - Distrito Industrial, Jundiaí - SP, 13213-100, Brasil",G9B0R5P6B9NK,03/08/2026,19:02:09,-,-,10/ago./26,,,PENDENTE,,,NÃO
Van Elétrica,Arval,JAC 5.5,SSP18,Van Elétrica JV,Van Elétrica JV,Infra Interna,TAO1A58,08/08/2026,3,Van Elétrica JV,"R$ 774,00","R$ 34,00",RODOU,ATIVO,-,-,,OK,"Av. Antônio Frederico Ozanan, 11100 - Distrito Industrial, Jundiaí - SP, 13213-100, Brasil",G91ZVP7RD6PS,03/08/2026,18:53:00,-,-,10/ago./26,,,PENDENTE,,,NÃO
Van Elétrica,Arval,JAC 5.5,SSP18,Van Elétrica JV,Van Elétrica JV,Infra Interna,TAS1H42,08/08/2026,3,Van Elétrica JV,"R$ 774,00","R$ 34,00",RODOU,ATIVO,-,-,,OK,"Av. Antônio Frederico Ozanan, 11100 - Distrito Industrial, Jundiaí - SP, 13213-100, Brasil",G9BNSPRAHKJ9,03/08/2026,19:10:24,-,-,10/ago./26,,,PENDENTE,,,NÃO
Large Van Elétrica,Localiza,E-Transit,SSP18,Large Van Elétrica - Equipe Única - Localiza,Large Van Elétrica - Equipe Única - Localiza,CAAS - Ezvolt - Jundiaí,TAR1I65,07/08/2026,4,Large Van Elétrica - Equipe Única - Localiza,"R$ 1.033,00","R$ 39,00",RODOU,ATIVO,-,-,,OK,"Av. Antônio Frederico Ozanan, 11100 - Distrito Industrial, Jundiaí - SP, 13213-100, Brasil",G9METKXCTXN1,03/08/2026,19:08:55,-,-,10/ago./26,,,PENDENTE,,,NÃO
Van Elétrica,Arval,JAC 5.5,SSP18,Van Elétrica JV,Van Elétrica JV,Infra Interna,TAO1A64,08/08/2026,3,Van Elétrica JV,"R$ 774,00","R$ 34,00",RODOU,ATIVO,-,-,,OK,"Av. Antônio Frederico Ozanan, 11100 - Distrito Industrial, Jundiaí - SP, 13213-100, Brasil",G9JNTPXMJ2EE,03/08/2026,19:10:18,-,-,10/ago./26,,,PENDENTE,,,NÃO
Van Elétrica,Arval,JAC 5.5,SSP18,Van Elétrica JV,Van Elétrica JV,Infra MLP,TAO1A62,07/08/2026,4,Van Elétrica JV,"R$ 774,00","R$ 34,00",RODOU,ATIVO,-,-,PROTOCOLO 104337,OK,"Av. Quatorze de Dezembro, 3150 - Vila Francisco Eber, Jundiaí - SP, 13206-105, Brasil",G9DEFC5HMDTM,03/08/2026,18:40:29,-,-,10/ago./26,,,PENDENTE,,,NÃO
Large Van Elétrica,Localiza,E-Transit,SSP18,Large Van Elétrica - Equipe Única - Localiza,Large Van Elétrica - Equipe Única - Localiza,CAAS - Ezvolt - Jundiaí,TAR1I63,21/07/2026,21,Large Van Elétrica - Equipe Única - Localiza,"R$ 1.033,00","R$ 39,00",MANUTENÇÃO,INDISPONÍVEL,Bico do pneu quebrado,"Bico do pneu quebrado, vazando ar ",30/07 veiculo está parado por conta de um bico do pneu precisa trocar | 04/08 veículo parado na Estação de carregamento EZVolt,OK,"Av. Quatorze de Dezembro, 3060 - Vila Francisco Eber, Jundiaí - SP, 13206-105, Brasil",G99D7KVU0ZDE,03/08/2026,12:29:47,RENOVACAR ,(11) 4526-4449,a confirmar (Basepex),NÃO POSSUI,"Av. Quatorze de Dezembro, 3200 - Vila Francisco Eber, Jundiaí - SP, 13206-105",PENDENTE,,,NÃO
Large Van Elétrica,Localiza,E-Transit,SSP18,Large Van Elétrica - Equipe Única - Localiza,Large Van Elétrica - Equipe Única - Localiza,Infra MLP,TAR1I69,14/07/2026,28,Large Van Elétrica - Equipe Única - Localiza,"R$ 1.033,00","R$ 39,00",MANUTENÇÃO,INDISPONÍVEL,Van pegou fogo,Van pegou fogo no svc,30/07 veiculo pegou no fogo / precisa saber aonde está o veiculo para possivel manutenção verificar com a locadora ( deivid ) ,Offline,"Al. Rio Negro, 400 - Alphaville, Barueri - SP, 06454-903, Brasil",G9JJZK0AWUB3,16/07/2026,10:15:28,MARPOL,11 98929-5516,a confirmar (Basepex),NÃO POSSUI,,PENDENTE,,,NÃO
Large Van Elétrica,EVM,JAC E-JV12,SSP18,Large Van Eletrica J750,Large Van Eletrica J750,CAAS - Ezvolt - Jundiaí,TAS9D64,25/11/2025,259,Large Van Eletrica J750,"R$ 1.012,00","R$ 39,00",MANUTENÇÃO,INDISPONÍVEL,Maçaneta da porta traseira quebrada,"Maçaneta da porta traseira quebrada,",recobramos no e-mail 14/04/26 - inf evm 16/04 Aguardando chegada de peça - chegará em 22/04; agendado 22/5 - sem previsão | 04/08 veículo parado na estação de recarga Ezvolt,Offline,"Av. Quatorze de Dezembro, 3060 - Vila Francisco Eber, Jundiaí - SP, 13206-105, Brasil",G93AMUDB3DB1,25/05/2026,09:20:31,-,-,a confirmar (Basepex),NÃO POSSUI,"Av. Quatorze de Dezembro, 3060 - Vila Francisco Eber, Jundiaí - SP, 13206-105, Brasil",PENDENTE,,,NÃO
Large Van Elétrica,EVM,JAC E-JV12,SSP18,Large Van Eletrica J750,Large Van Eletrica J750,CAAS - Ezvolt - Jundiaí,TAS9D57,28/02/2026,164,Large Van Eletrica J750,"R$ 1.012,00","R$ 39,00",MANUTENÇÃO,INDISPONÍVEL,Amortecedor quebrado,Amortecedor quebrado,04/08 veículo parado na oficina Marpol em jundiaí,Offline,"Av. Nossa Senhora da Consolação, 784 - Jardim Aurelia, Campinas - SP, 13033-140, Brasil",G96Y3383F45W,05/04/2026,12:41:18,MARPOL PEÇAS E SERVIÇOS LTDA,11 98929-5516,a confirmar (Basepex),NÃO POSSUI,"Rua Dom Gabriel Paulino Bueno Couto, 500 – Distrito Industrial – Jundiaí – São Paulo",PENDENTE,,,NÃO
Large Van Elétrica,Localiza,E-Transit,SSP18,Large Van Elétrica - Equipe Única - Localiza,Large Van Elétrica - Equipe Única - Localiza,Infra MLP,TAR1I68,05/08/2026,6,Large Van Elétrica - Equipe Única - Localiza,"R$ 1.033,00","R$ 39,00",FOLGA,ATIVO,-,-,2° REAGENDAMENTO - SÓ LEVAR O VEÍCULO NA OFICINA ,Offline,"Al. Rio Negro, 400 - Alphaville, Barueri - SP, 06454-903, Brasil",G9ZYT0M09A2Y,09/06/2026,10:56:55,-,-,10/ago./26,41674,,PENDENTE,,,NÃO
Van Elétrica,Arval,JAC 5.5,SSP18,Van Elétrica JV,Van Elétrica JV,Infra MLP,TAS1H36,08/08/2026,3,Van Elétrica JV,"R$ 774,00","R$ 34,00",FOLGA,ATIVO,-,-,PROTOCOLO 22143335,OK,"Av. Antônio Frederico Ozanan, 11100 - Distrito Industrial, Jundiaí - SP, 13213-100, Brasil",G90SXM8Z5W1J,03/08/2026,18:59:33,-,-,10/ago./26,,,PENDENTE,,,NÃO
Large Van Elétrica,EVM,JAC E-JV12,SSP18,Large Van Eletrica J750,Large Van Eletrica J750,CAAS - Ezvolt - Jundiaí,TAS9D55,08/08/2026,3,Large Van Eletrica J750,"R$ 1.012,00","R$ 39,00",FOLGA,ATIVO,-,-,ENVIADO A BASE PARA RETIRAR O VEÍCULO 21/07,OK,"Av. Quatorze de Dezembro, 3100 - Vila Francisco Eber, Jundiaí - SP, 13206-105, Brasil",G96X4EBTDB36,03/08/2026,19:09:35,-,-,10/ago./26,,,PENDENTE,,,NÃO
Van Elétrica,Arval,JAC 5.5,SSP18,Van Elétrica JV,Van Elétrica JV,Infra Interna,TAO1B42,07/08/2026,4,Van Elétrica JV,"R$ 774,00","R$ 34,00",FOLGA,ATIVO,-,-,,OK,"Av. Antônio Frederico Ozanan, 11100 - Distrito Industrial, Jundiaí - SP, 13213-100, Brasil",G9169XY9Z55C,03/08/2026,19:10:05,-,-,10/ago./26,,,PENDENTE,,,NÃO
Van Elétrica,Arval,JAC 5.5,SSP18,Van Elétrica JV,Van Elétrica JV,CAAS - Ezvolt - Jundiaí,TAO0J42,08/08/2026,3,Van Elétrica JV,"R$ 774,00","R$ 34,00",FOLGA,ATIVO,-,-,,OK,"Av. Quatorze de Dezembro, 3060 - Vila Francisco Eber, Jundiaí - SP, 13206-105, Brasil",G9M7J123KFHZ,03/08/2026,18:42:59,-,-,10/ago./26,,,PENDENTE,,,NÃO
Van Elétrica,Arval,JAC 5.5,SSP18,Van Elétrica JV,Van Elétrica JV,Infra MLP,TAO0J46,07/08/2026,4,Van Elétrica JV,"R$ 774,00","R$ 34,00",FOLGA,ATIVO,-,-,-,OK,"Av. Quatorze de Dezembro, 2176 - Jardim Cidapel, Jundiaí - SP, 13206-105, Brasil",G91BNP1BARB9,03/08/2026,18:52:48,-,-,10/ago./26,,,PENDENTE,,,NÃO
Large Van Elétrica,Localiza,E-Transit,SSP18,Large Van Elétrica - Equipe Única - Localiza,Large Van Elétrica - Equipe Única - Localiza,CAAS - Ezvolt - Jundiaí,TAR1I96,07/08/2026,4,Large Van Elétrica - Equipe Única - Localiza,"R$ 1.033,00","R$ 39,00",FOLGA,ATIVO,-,-,,OK,"Av. Antônio Frederico Ozanan, 11100 - Distrito Industrial, Jundiaí - SP, 13213-100, Brasil",GAN4F6TFBSFJ,03/08/2026,18:52:16,-,-,10/ago./26,SOLICITADO 17/06/2026 - 39808,,PENDENTE,,,NÃO
Large Van Elétrica,Localiza,E-Transit,SSP18,Large Van Elétrica - Equipe Única - Localiza,Large Van Elétrica - Equipe Única - Localiza,CAAS - Ezvolt - Jundiaí,TAR1I70,08/08/2026,3,Large Van Elétrica - Equipe Única - Localiza,"R$ 1.033,00","R$ 39,00",FOLGA,ATIVO,-,-,-,OK,"Av. Quatorze de Dezembro, 3100 - Vila Francisco Eber, Jundiaí - SP, 13206-105, Brasil",G9F2KPHHFKTA,03/08/2026,18:55:58,-,-,10/ago./26,,,PENDENTE,,,NÃO
Large Van Elétrica,Localiza,E-Transit,SSP18,Large Van Elétrica - Equipe Única - Localiza,Large Van Elétrica - Equipe Única - Localiza,Infra MLP,TAR1I77,09/08/2026,2,Large Van Elétrica - Equipe Única - Localiza,"R$ 1.033,00","R$ 39,00",FOLGA,ATIVO,-,-,veiculo sem driver / aguardando orçamento,OK,"R. Wilhelm Winter, 300 - Distrito Industrial, Jundiaí - SP, 13213-000, Brasil",G94J2F6JEMHE,03/08/2026,18:26:43,-,-,10/ago./26,,,PENDENTE,,,NÃO
Van Elétrica,Arval,JAC 5.5,SSP18,Van Elétrica JV,Van Elétrica JV,CAAS - Ezvolt - Jundiaí,TAT0D66,08/08/2026,3,Van Elétrica JV,"R$ 774,00","R$ 34,00",FOLGA,ATIVO,-,-, 30/ 07 veiculo esta parado por conta da porta e da macaneta precisa de uma atenção pois já aconteceu acidente com freio veiculo encotra-se parado ,OK,"Av. Quatorze de Dezembro, 3100 - Vila Francisco Eber, Jundiaí - SP, 13206-105, Brasil",G9WXAD4AKY3V,03/08/2026,19:01:09,-,-,10/ago./26,,,PENDENTE,,,NÃO
Large Van Elétrica,Localiza,E-Transit,SSP18,Large Van Elétrica - Equipe Única - Localiza,Large Van Elétrica - Equipe Única - Localiza,CAAS - Ezvolt - Jundiaí,TAR1J34,07/08/2026,4,Large Van Elétrica - Equipe Única - Localiza,"R$ 1.033,00","R$ 39,00",FOLGA,ATIVO,-,-,,OK,"Av. Antônio Frederico Ozanan, 11000 - Distrito Industrial, Jundiaí - SP, 13213-030, Brasil",G9AJW118U5V7,03/08/2026,18:47:52,-,-,10/ago./26,,,PENDENTE,,,NÃO
Van Elétrica,Arval,JAC 5.5,SSP18,Van Elétrica JV,Van Elétrica JV,Infra MLP,TAN8J56,08/08/2026,3,Van Elétrica JV,"R$ 774,00","R$ 34,00",FOLGA,ATIVO,-,-,PROTOCO 22105403 dispacher afirma que veículo esta pronto e ira retirar dia 18/07 Alexandra,OK,"Av. Quatorze de Dezembro, 3060 - Vila Francisco Eber, Jundiaí - SP, 13206-105, Brasil",G9XNT5XE217Y,03/08/2026,18:52:08,-,-,10/ago./26,,,PENDENTE,,,NÃO
Large Van Elétrica,EVM,JAC E-JV12,SSP18,Large Van Eletrica J750,Large Van Eletrica J750,CAAS - Ezvolt - Jundiaí,TAS9D94,08/08/2026,3,Large Van Eletrica J750,"R$ 1.012,00","R$ 39,00",FOLGA,ATIVO,-,-,,OK,"Av. Quatorze de Dezembro, 3060 - Vila Francisco Eber, Jundiaí - SP, 13206-105, Brasil",G9XBV83ET5PX,03/08/2026,18:54:30,-,-,10/ago./26,,,PENDENTE,,,NÃO
Van Elétrica,Arval,JAC 5.5,SSP18,Van Elétrica JV,Van Elétrica JV,CAAS - Ezvolt - Jundiaí,TAO1A63,08/08/2026,3,Van Elétrica JV,"R$ 774,00","R$ 34,00",FOLGA,ATIVO,-,-,,OK,"Av. Quatorze de Dezembro, 3060 - Vila Francisco Eber, Jundiaí - SP, 13206-105, Brasil",G9X4CS8T3D3Z,03/08/2026,19:04:18,-,-,10/ago./26,,,PENDENTE,,,NÃO
Large Van Elétrica,Localiza,E-Transit,SSP18,Large Van Elétrica - Equipe Única - Localiza,Large Van Elétrica - Equipe Única - Localiza,CAAS - Ezvolt - Jundiaí,TAR1I87,07/08/2026,4,Large Van Elétrica - Equipe Única - Localiza,"R$ 1.033,00","R$ 39,00",FOLGA,ATIVO,-,-,,OK,"Av. Antônio Frederico Ozanan, 11100 - Distrito Industrial, Jundiaí - SP, 13213-100, Brasil",G92003Z84N5P,03/08/2026,18:24:19,-,-,10/ago./26,,,PENDENTE,,,NÃO
Van Elétrica,Arval,JAC 5.5,SSP18,Van Elétrica JV,Van Elétrica JV,CAAS - Ezvolt - Jundiaí,TAO0J43,06/06/2026,66,Van Elétrica JV,"R$ 774,00","R$ 34,00",MANUTENÇÃO,INDISPONÍVEL,Van não carrega 100%,Van não esta completando carga de 100%,04/08 veículo parado na JAC MOTORS LIMÃO,Offline,"Av. Eng. Caetano Álvares, 334 - Limão, São Paulo - SP, 02520-310, Brasil",G97AS18W6Y8J,22/07/2026,18:32:36,JAC LIMÃO ,112344-2000,a confirmar (Basepex),NÃO POSSUI,"Av. Eng. Caetano Álvares, 200 - Limão, São Paulo - SP, 02520-310",PENDENTE,,,NÃO
Van Elétrica,Arval,JAC 5.5,SSP18,Van Elétrica JV,Van Elétrica JV,Infra Interna,TAO1A67,10/06/2026,62,Van Elétrica JV,"R$ 774,00","R$ 34,00",MANUTENÇÃO,INDISPONÍVEL,Retrovisor,Falta do espelho do retrovisor ,04/08 veículo parado dentro do service center de jundiaí ssp18,Offline,"Av. Quatorze de Dezembro, 2176 - Jardim Cidapel, Jundiaí - SP, 13206-105, Brasil",G93FWFCEMA9P,26/07/2026,20:07:15,-,-,a confirmar (Basepex),NÃO POSSUI,"Av. Antônio Frederico Ozanan, 11000 - Distrito Industrial, Jundiaí - SP, 13213-030, Brasil",PENDENTE,,,NÃO
Large Van Elétrica,EVM,JAC E-JV12,SSP18,Large Van Eletrica J750,Large Van Eletrica J750,CAAS - Ezvolt - Jundiaí,TAT1A74,29/07/2026,13,Large Van Eletrica J750,"R$ 1.012,00","R$ 39,00",MANUTENÇÃO,INDISPONÍVEL,Carro perdeu o freio,Carro perdeu o freio e desceu a rua batendo em portão de residência ,04/08 veículo parado na Estação de carregamento EZVolt,Offline,"Av. Quatorze de Dezembro, 3060 - Vila Francisco Eber, Jundiaí - SP, 13206-105, Brasil",G9REJZJMR0JS,30/07/2026,15:09:51,-,-,a confirmar (Basepex),NÃO POSSUI,"Av. Quatorze de Dezembro, 3200 - Vila Francisco Eber, Jundiaí - SP, 13206-105",PENDENTE,,,NÃO
Large Van Elétrica,Localiza,E-Transit,SSP18,Large Van Elétrica - Equipe Única - Localiza,Large Van Elétrica - Equipe Única - Localiza,CAAS - Ezvolt - Jundiaí (Temporário),TAR1I76,29/07/2026,13,Large Van Elétrica - Equipe Única - Localiza,"R$ 1.033,00","R$ 39,00",MANUTENÇÃO,INDISPONÍVEL,Porta láteral não fecha,porta lateral nao fecha,04/08 veículo parado na Estação de carregamento EZVolt,Offline,"Av. Quatorze de Dezembro, 3060 - Vila Francisco Eber, Jundiaí - SP, 13206-105, Brasil",G9YR52VT6KXD,29/07/2026,22:31:06,FORD MIX ALPHAVILLE ,(11) 4166-7800,a confirmar (Basepex),SOLICITADO  29/07/2026  / SEM RETORNO GEOTAB,"Av. Quatorze de Dezembro, 3200 - Vila Francisco Eber, Jundiaí - SP, 13206-105",PENDENTE,,,NÃO
Large Van Elétrica,Localiza,E-Transit,SSP18,Large Van Elétrica - Equipe Única - Localiza,Large Van Elétrica - Equipe Única - Localiza,CAAS - Ezvolt - Jundiaí,TAR1I64,12/06/2026,60,Large Van Elétrica - Equipe Única - Localiza,"R$ 1.033,00","R$ 39,00",MANUTENÇÃO,INDISPONÍVEL,Porta saiu do trilho,"Porta lateral saiu do trilho, está desalinhada e a porta do passageiro não fecha por conta da porta lateral ",04/08 veículo parado na Estação de carregamento EZVolt,OK,"Av. Quatorze de Dezembro, 3100 - Vila Francisco Eber, Jundiaí - SP, 13206-105, Brasil",G95P0VC2EBAR,03/08/2026,18:41:31,MARPOL,11 98929-5516,a confirmar (Basepex),,"Av. Quatorze de Dezembro, 3200 - Vila Francisco Eber, Jundiaí - SP, 13206-105",PENDENTE,,,NÃO
Large Van Elétrica,EVM,JAC E-JV12,SSP18,Large Van Eletrica J750,Large Van Eletrica J750,CAAS - Ezvolt - Jundiaí,TAS9D48,28/06/2026,44,Large Van Eletrica J750,"R$ 1.012,00","R$ 39,00",MANUTENÇÃO,INDISPONÍVEL,"Camera de ré, barulho roda esquerda","Camera de ré não está funcionando, roda lado esquerdo com barulho  - Pneu furado ",04/08 veículo parado na Estação de carregamento EZVolt,OK,"Av. Quatorze de Dezembro, 3060 - Vila Francisco Eber, Jundiaí - SP, 13206-105, Brasil",G98ZYNDC4JBT,03/08/2026,18:47:23,-,-,a confirmar (Basepex),,"Av. Quatorze de Dezembro, 3200 - Vila Francisco Eber, Jundiaí - SP, 13206-105",PENDENTE,,,NÃO
Van Elétrica,Arval,JAC 5.5,SSP18,Van Elétrica JV,Van Elétrica JV,Infra MLP,TAO0J47,03/07/2026,39,Van Elétrica JV,"R$ 774,00","R$ 34,00",MANUTENÇÃO,INDISPONÍVEL,Porta saiu do trilho,"Porta saiu do trilho, não consegue mais fechar ",04/08 veículo parado na oficina Marpol em Jundiaí,OK,"Av. Mitsuzo Kondo, 151 - Distrito Industrial, Jundiaí - SP, 13213-005, Brasil",G98W2U71TTTC,03/08/2026,18:44:45,MARPOL,11 98929-5516,a confirmar (Basepex),,"Rua Dom Gabriel Paulino Bueno Couto, 500 – Distrito Industrial – Jundiaí – São Paulo",PENDENTE,,,NÃO
Large Van Elétrica,EVM,JAC E-JV12,SSP18,Large Van Eletrica J750,Large Van Eletrica J750,CAAS - Ezvolt - Jundiaí,TAS9D66,19/07/2026,23,Large Van Eletrica J750,"R$ 1.012,00","R$ 39,00",MANUTENÇÃO,INDISPONÍVEL,Maçaneta da porta traseira quebrada,"Maçaneta porta traseira está quebrada, colocamos um adaptador, porém não está dando certo, acaba machucando a mão do driver e sai toda hora ",04/08 veículo parado na Estação de carregamento EZVolt,OK,"Av. Quatorze de Dezembro, 2244 - Jardim Cidapel, Jundiaí - SP, 13206-105, Brasil",G9AH3MJX9D7J,03/08/2026,16:56:44,SOLICITADO EVM ,-,a confirmar (Basepex),,"Av. Quatorze de Dezembro, 3200 - Vila Francisco Eber, Jundiaí - SP, 13206-105",PENDENTE,,,NÃO
Large Van Elétrica,Localiza,E-Transit,SSP18,Large Van Elétrica - Equipe Única - Localiza,Large Van Elétrica - Equipe Única - Localiza,CAAS - Ezvolt - Jundiaí,TAR1I99,25/07/2026,17,Large Van Elétrica - Equipe Única - Localiza,"R$ 1.033,00","R$ 39,00",MANUTENÇÃO,INDISPONÍVEL,Troca pastilhas de freio,Troca pastilhas de freio ,04/08 veículo parado na Estação de carregamento EZVolt,OK,"Av. Quatorze de Dezembro, 3060 - Vila Francisco Eber, Jundiaí - SP, 13206-105, Brasil",G9A7K2PH751R,03/08/2026,16:33:50,SM MAIS / ORIENTAL,-,a confirmar (Basepex),,"Av. Quatorze de Dezembro, 3200 - Vila Francisco Eber, Jundiaí - SP, 13206-105",PENDENTE,,,NÃO
Large Van Elétrica,EVM,JAC E-JV12,SSP18,Large Van Eletrica J750,Large Van Eletrica J750,CAAS - Ezvolt - Jundiaí,TAT1A85,28/07/2026,14,Large Van Eletrica J750,"R$ 1.012,00","R$ 39,00",MANUTENÇÃO,INDISPONÍVEL,Troca pastilhas de freio,Pastilha de freio ,04/08 veículo parado na Estação de carregamento EZVolt,OK,"Av. Quatorze de Dezembro, 3060 - Vila Francisco Eber, Jundiaí - SP, 13206-105, Brasil",G92227FFW1R9,03/08/2026,13:54:05,MARPOL,11 98929-5516,a confirmar (Basepex),,"Av. Quatorze de Dezembro, 3200 - Vila Francisco Eber, Jundiaí - SP, 13206-105",PENDENTE,,,NÃO
Van Elétrica,Arval,JAC 5.5,SSP18,Van Elétrica JV,Van Elétrica JV,Infra MLP,TAO0J48,28/07/2026,14,Van Elétrica JV,"R$ 774,00","R$ 34,00",MANUTENÇÃO,INDISPONÍVEL,Porta lateral não abre,Porta lateral não abre,04/08 veículo parado na Estação de carregamento EZVolt,OK,"Av. Quatorze de Dezembro, 3060 - Vila Francisco Eber, Jundiaí - SP, 13206-105, Brasil",G9BUZ91J1AE0,03/08/2026,14:54:24,MARPOL,11 98929-5516,a confirmar (Basepex),,"Av. Quatorze de Dezembro, 3200 - Vila Francisco Eber, Jundiaí - SP, 13206-105",PENDENTE,,,NÃO
Van Elétrica,Arval,JAC 5.5,SSP18,Van Elétrica JV,Van Elétrica JV,Infra Interna,TAO0J40,30/07/2026,12,Van Elétrica JV,"R$ 774,00","R$ 34,00",MANUTENÇÃO,INDISPONÍVEL,Van não carrega 100% ,Van não carrega 100% ,04/08 veículo parado na Estação de carregamento EZVolt,OK,"Av. Quatorze de Dezembro, 3060 - Vila Francisco Eber, Jundiaí - SP, 13206-105, Brasil",G9DK77CRK3N7,03/08/2026,18:22:36,MARPOL,11 98929-5516,a confirmar (Basepex),,"Av. Antônio Frederico Ozanan, 11100 - Distrito Industrial, Jundiaí - SP, 13213-100, Brasil",PENDENTE,,,NÃO
Large Van Elétrica,EVM,JAC E-JV12,SSP18,Large Van Eletrica J750,Large Van Eletrica J750,CAAS - Ezvolt - Jundiaí,TAS9D75,31/07/2026,11,Large Van Eletrica J750,"R$ 1.012,00","R$ 39,00",MANUTENÇÃO,INDISPONÍVEL,"Barulho muito forte na roda lado motorista, com vazamento de óleo aparentemente é amortecedor ","Barulho mt forte na roda lado motorista, com vazamento de óleo aparentemente é amortecedor ",04/08 veículo parado na Estação de carregamento EZVolt,OK,"Av. Quatorze de Dezembro, 3060 - Vila Francisco Eber, Jundiaí - SP, 13206-105, Brasil",G9HZM66D132X,03/08/2026,18:55:49,-,-,a confirmar (Basepex),,"Av. Quatorze de Dezembro, 3200 - Vila Francisco Eber, Jundiaí - SP, 13206-105",PENDENTE,,,NÃO
Van Elétrica,Arval,JAC 5.5,SSP18,Van Elétrica JV,Van Elétrica JV,Infra MLP,TAO1A59,01/08/2026,10,Van Elétrica JV,"R$ 774,00","R$ 34,00",MANUTENÇÃO,INDISPONÍVEL,"Sem freio, não está segurando",Freio fazendo barulho e já não segura mais ,04/08 veículo parado na Estação de carregamento EZVolt,OK,"Av. Quatorze de Dezembro, 2176 - Jardim Cidapel, Jundiaí - SP, 13206-105, Brasil",G9157XRE74RY,03/08/2026,19:04:27,OFICINA REVISA ,(11) 4815-7633,a confirmar (Basepex),,"Av. Quatorze de Dezembro, 3200 - Vila Francisco Eber, Jundiaí - SP, 13206-105",PENDENTE,,,NÃO
Large Van Elétrica,EVM,JAC E-JV12,SSP20,Large Van Eletrica J750,Large Van Eletrica J750,CAAS - Ezvolt - Sorocaba,TAU2C14,28/05/2026,75,Large Van Eletrica J750,"R$ 1.012,00","R$ 39,00",MANUTENÇÃO,INDISPONÍVEL,"Amortecedores e maçaneta, bateria ","amortecedores e maçaneta, bateria ",recobramos no e-mail 14/04/26; retorno evm Aguardando chegada de peça - chegará em 22/04 | 04/08 veículo paradado na Estação de recarga da EZVolt,Offline,"Av. Fernando Stecca, 895 - Iporanga, Sorocaba - SP, 18087-149, Brasil",G9226PMK4VUN,18/06/2026,21:10:36,-,-,a confirmar (Basepex),NÃO POSSUI,"Av. Fernando Stecca, 905 - IporangaSorocaba - SP, 18087-149",OK,NÃO,10/08/2026,SIM
Utilitário Elétrico,Localiza,Kangoo Z.E. MAXI 2 Lugares 2P,SSP20,E-Utilitário Last Mile,E-Utilitário Last Mile,Portatil,SDQ2A88,07/08/2026,4,E-Utilitário Last Mile,"R$ 583,00","R$ 26,00",RODOU,ATIVO,-,-,,Offline,"Rua Ademir Alegre, 247 - Wanel Ville, Sorocaba - SP, 18055-024, Brasil",G9KNFM7077R2,04/04/2026,09:51:34,-,-,10/ago./26,41696,,OK,NÃO,10/08/2026,SIM
Utilitário Elétrico,Localiza,Kangoo Z.E. MAXI 2 Lugares 2P,SSP20,E-Utilitário Last Mile,E-Utilitário Last Mile,Portatil,SDQ2A85,06/08/2026,5,E-Utilitário Last Mile,"R$ 583,00","R$ 26,00",RODOU,ATIVO,-,-,,OK,"R. Borba Gato, 11 - George Oetterer, Iperó - SP, 18560-000, Brasil",G95MUH5E17WP,03/08/2026,19:04:30,-,-,10/ago./26,,,OK,NÃO,10/08/2026,SIM
Large Van Elétrica,EVM,JAC E-JV12,SSP20,Large Van Eletrica J750,Large Van Eletrica J750,CAAS - Ezvolt - Sorocaba,TAU2C18,07/08/2026,4,Large Van Eletrica J750,"R$ 1.012,00","R$ 39,00",RODOU,ATIVO,-,-,,OK,"Av. São Paulo, 81 - Vila Senger, Sorocaba - SP, 18013-000, Brasil",G93Z9XUE2SAZ,03/08/2026,19:07:40,-,-,10/ago./26,,,OK,NÃO,10/08/2026,SIM
Large Van Elétrica,EVM,JAC E-JV12,SSP20,Large Van Eletrica J750,Large Van Eletrica J750,CAAS - Ezvolt - Sorocaba,TAU2C16,08/08/2026,3,Large Van Eletrica J750,"R$ 1.012,00","R$ 39,00",MANUTENÇÃO,INDISPONÍVEL,"Troca das fechaduras, porta traseira só abre por dentro","Troca das fechaduras, porta traseira só abre por dentro e porta lateral começando a apresentar problemas",27/07/2026 - veiculo retirado esta no estacionamento | 04/08 veículo parado na Estação de recarga da EZVolt,OK,"Av. Fernando Stecca, 895 - Iporanga, Sorocaba - SP, 18087-149, Brasil",G993XD84EZVZ,03/08/2026,18:41:51,MACRON,(15) 3525-1826,a confirmar (Basepex),,"Av. Fernando Stecca, 905 - IporangaSorocaba - SP, 18087-149",OK,NÃO,10/08/2026,SIM
Large Van Elétrica,EVM,JAC E-JV12,SSP20,Large Van Eletrica J750,Large Van Eletrica J750,CAAS - Ezvolt - Sorocaba,TAU2F67,30/06/2026,42,Large Van Eletrica J750,"R$ 1.012,00","R$ 39,00",MANUTENÇÃO,INDISPONÍVEL,"Erro no ABS, retrovisor lado direito travado e freios",Espelho retrovisor quebrado,04/08 veículo parado na Estação de recarga da EZVolt,OK,"R. Luísa Mas, 1 - Jardim Leocadia, Sorocaba - SP, 18085-700, Brasil",G935B177YMV0,03/08/2026,13:33:18,-,-,a confirmar (Basepex),,"Av. Fernando Stecca, 905 - IporangaSorocaba - SP, 18087-149",OK,NÃO,10/08/2026,SIM
Large Van Elétrica,EVM,JAC E-JV12,SSP20,Large Van Eletrica J750,Large Van Eletrica J750,CAAS - Ezvolt - Sorocaba,TAU2C21,23/04/2026,110,Large Van Eletrica J750,"R$ 1.012,00","R$ 39,00",MANUTENÇÃO,INDISPONÍVEL,Troca de PNEUS,"Troca de pneus dianteiro da vans JAC iEV750

Placas: TAU2C21 

Pneus 225/75 R16
",04/08 veículo parado no estacionamento da TransManá em Itapetininga,OK,"R. Maria Plens, 92 - Jardim Bela Vista, Itapetininga - SP, 18207-730, Brasil",G96CMP20THJ0,03/08/2026,16:48:00,-,-,a confirmar (Basepex),,"R. Cinco, 901 - Jardim Bela Vista, Itapetininga - SP, 18208-284",NA OFICINA,NÃO,,NÃO
Utilitário Elétrico,Localiza,Kangoo Z.E. MAXI 2 Lugares 2P,SSP20,E-Utilitário Last Mile,E-Utilitário Last Mile,Portatil,SDQ2A87,23/07/2026,19,E-Utilitário Last Mile,"R$ 583,00","R$ 26,00",MANUTENÇÃO,INDISPONÍVEL,Preventiva,Troca do jogo de pneus da Kangoo elétrica (modelo do pneu 195/65 R16C),,OK,"R. Vicência Leonetti, 82 - Vila Espirito Santo, Sorocaba - SP, 18051-390, Brasil",G94N5F477H01,03/08/2026,08:15:36,Renault Valec - Sorocaba,(15) 2102-3200,a confirmar (Basepex),,,NA OFICINA,NÃO,,NÃO
Large Van Elétrica,EVM,JAC E-JV12,SSP27,Large Van Eletrica J750,Large Van Eletrica J750,Infra MLP,TAT1A63,10/08/2026,1,Large Van Eletrica J750,"R$ 1.012,00","R$ 39,00",FOLGA,ATIVO,-,-,PROTOCOLO EVM20260714000009,OK,"R. Maria Plens, 92 - Jardim Bela Vista, Itapetininga - SP, 18207-730, Brasil",G91EWWW0XT2A,03/08/2026,18:59:14,-,-,11/ago./26,,,OK,,11/08,SIM
Large Van Elétrica,EVM,JAC E-JV12,SSP27,Large Van Eletrica J750,Large Van Eletrica J750,Infra MLP,TAT1A81,09/08/2026,2,Large Van Eletrica J750,"R$ 1.012,00","R$ 39,00",RODOU,ATIVO,-,-,,OK,"R. Maria Plens, 92 - Jardim Bela Vista, Itapetininga - SP, 18207-730, Brasil",G9UBWF4NMP82,03/08/2026,19:09:40,-,-,11/ago./26,,,OK,,11/08,SIM
Van Elétrica,Localiza,E-Jumpy Furgão 2p,SSP27,Van Média Elétrica,Van Média Elétrica,Portatil,SEF1D60,13/06/2026,59,Van Média Elétrica,"R$ 735,00","R$ 35,00",MANUTENÇÃO,INDISPONÍVEL,"Veiculo não da nenhum sinal, ventoinha ficava ligada sem para","Carro voltou da oficina com o mesmo problema que foi, ventoinha continua ligada mesmo  com o veículo desligado e agora veículo não dá sinal nenhum e o carregador está plugado e não conseguimos retirar 
SEF1D60 ",Aguardando orçamento locadora,Offline,"Av. Dr. Ciro Albuquerque, 3184 - Centro, Itapetininga - SP, 18214-620, Brasil",G96D03MBX8Z3,19/06/2026,18:37:58,SANTA RITA CENTRO AUTOMOTIVO,15 3271-8892,a confirmar (Basepex),NÃO POSSUI,"Av. Dr. Ciro Albuquerque, 3184 - Centro, Itapetininga - SP, 18214-620, Brasil",PENDENTE,,,NÃO
Utilitário Elétrico,Localiza,Kangoo Z.E. MAXI 2 Lugares 2P,SSP27,E-Utilitário Last Mile,E-Utilitário Last Mile,Portatil,SDQ2A81,02/07/2026,40,E-Utilitário Last Mile,"R$ 583,00","R$ 26,00",MANUTENÇÃO,INDISPONÍVEL,"Troca das pastilhas , troca da homocinética, alinhamento e balanceamento","Troca das pastilhas , troca da homocinética, alinhamento e balanceamento",CONTATO COM A OFICINA - ALEXANDRA 16/07,OK,"Av. Dr. Ciro Albuquerque, 3184 - Centro, Itapetininga - SP, 18214-620, Brasil",G9UCMV9D61FF,03/08/2026,17:41:31,SANTA RITA CENTRO AUTOMOTIVO,15 3271-8892,a confirmar (Basepex),,"Av. Dr. Ciro Albuquerque, 3184 - Centro, Itapetininga - SP, 18214-620, Brasil",PENDENTE,,,NÃO
Large Van Elétrica,EVM,JAC E-JV12,SSP27,Large Van Eletrica J750,Large Van Eletrica J750,Infra MLP,TAT1A94,10/08/2026,1,Large Van Eletrica J750,"R$ 1.012,00","R$ 39,00",FOLGA,ATIVO,-,-,,OK,"R. Indalécio Alves, 2 - Vila Itapetininga, Itapetininga - SP, 18207-845, Brasil",G9Z1SHS6JW6E,03/08/2026,18:51:09,-,-,11/ago./26,,,PENDENTE,,,SIM
Utilitário Elétrico,Localiza,Kangoo Z.E. MAXI 2 Lugares 2P,SSP27,E-Utilitário Last Mile,E-Utilitário Last Mile,Portatil,SDQ2A80,10/08/2026,1,E-Utilitário Last Mile,"R$ 583,00","R$ 26,00",FOLGA,ATIVO,-,-,,OK,"R. Seis, 66 - Vila Jose Salem, Itapetininga - SP, 18210-772, Brasil",G9RJ23F5FEFD,03/08/2026,17:50:23,-,-,11/ago./26,,,PENDENTE,,,SIM
Van Elétrica,Arval,JAC 5.5,SSP27,Van Elétrica JV,Van Elétrica JV,Infra MLP,TAS1I82,10/08/2026,1,Van Elétrica JV,"R$ 774,00","R$ 34,00",FOLGA,ATIVO,-,-,PROTOCOLO 22223730 ENVIADO EMAIL SOLICITANDO,OK,"R. Indalécio Alves, 2 - Vila Itapetininga, Itapetininga - SP, 18207-845, Brasil",G969PU9EY5P3,03/08/2026,13:23:17,-,-,11/ago./26,,,PENDENTE,,,SIM
Van Elétrica,Arval,JAC 5.5,SSP27,Van Elétrica JV,Van Elétrica JV,Infra MLP,TAT0B65,10/08/2026,1,Van Elétrica JV,"R$ 774,00","R$ 34,00",FOLGA,ATIVO,-,-,PROTOCOLO 22220232,OK,"R. Indalécio Alves, 2 - Vila Itapetininga, Itapetininga - SP, 18207-845, Brasil",G9V3ZNXRFMZS,03/08/2026,19:03:27,-,-,11/ago./26,,,PENDENTE,,,SIM
Van Elétrica,Arval,JAC 5.5,SSP27,Van Elétrica JV,Van Elétrica JV,Infra MLP,TAS1J12,09/08/2026,2,Van Elétrica JV,"R$ 774,00","R$ 34,00",RODOU,ATIVO,-,-,-,Offline,"R. Indalécio Alves, 621 - Parque Sao Bento, Itapetininga - SP, 18207-845, Brasil",G96XNP9SP128,03/08/2026,18:53:17,-,-,11/ago./26,NÃO POSSUI,,PENDENTE,,,SIM
Large Van Elétrica,EVM,JAC E-JV12,SSP27,Large Van Eletrica J750,Large Van Eletrica J750,Infra MLP,TAT1A53,09/08/2026,2,Large Van Eletrica J750,"R$ 1.012,00","R$ 39,00",RODOU,ATIVO,-,-,,Offline,"R. Maria Plens, 82 - Jardim Bela Vista, Itapetininga - SP, 18207-730, Brasil",G9D5W0DSS6S6,03/08/2026,18:44:43,-,-,11/ago./26,NÃO POSSUI,,PENDENTE,,,SIM
Utilitário Elétrico,Localiza,Kangoo Z.E. MAXI 2 Lugares 2P,SSP27,E-Utilitário Last Mile,E-Utilitário Last Mile,Portatil,SDQ2A54,09/08/2026,2,E-Utilitário Last Mile,"R$ 583,00","R$ 26,00",RODOU,ATIVO,-,-,,OK,"R. Seis, 66 - Vila Jose Salem, Itapetininga - SP, 18210-772, Brasil",G92FBKDDRAAY,03/08/2026,19:08:56,-,-,11/ago./26,,,PENDENTE,,,SIM
Van Elétrica,Arval,JAC 5.5,SSP27,Van Elétrica JV,Van Elétrica JV,Infra MLP,TAS1H25,09/08/2026,2,Van Elétrica JV,"R$ 774,00","R$ 34,00",RODOU,ATIVO,-,-,,OK,"R. Indalécio Alves, 2 - Vila Itapetininga, Itapetininga - SP, 18207-845, Brasil",G9ECA9BM30UC,03/08/2026,19:10:15,-,-,11/ago./26,,,PENDENTE,,,SIM
Utilitário Elétrico,Localiza,Kangoo Z.E. MAXI 2 Lugares 2P,SSP27,E-Utilitário Last Mile,E-Utilitário Last Mile,Portatil,SDQ2A83,19/07/2026,23,E-Utilitário Last Mile,"R$ 583,00","R$ 26,00",MANUTENÇÃO,INDISPONÍVEL,Pane eletrica,"Sdq2a83 - pane elétrica durante a rota , já guinchada pela localiza - solicito veículo reserva",,OK,"R. Indalécio Alves, 2 - Vila Itapetininga, Itapetininga - SP, 18207-845, Brasil",G92SAW3M3MZ1,03/08/2026,18:20:05,SANTA RITA CENTRO AUTOMOTIVO,15 3271-8892,a confirmar (Basepex),,"Av. Dr. Ciro Albuquerque, 3184 - Centro, Itapetininga - SP, 18214-620, Brasil",PENDENTE,,,NÃO
Van Elétrica,Arval,JAC 5.5,SSP27,Van Elétrica JV,Van Elétrica JV,Infra MLP,TAS1I77,29/07/2026,13,Van Elétrica JV,"R$ 774,00","R$ 34,00",MANUTENÇÃO,INDISPONÍVEL,Troca de pneus,Troca de 2 pneus 195/70 aro 15,,OK,"Rod. Pres. Castello Branco, 3512, Sorocaba - SP, Brasil",G9YWX4VD7EMZ,03/08/2026,10:29:15,Della Via Pneus - Sorocaba - Truck Center,(080) 0555-3235,a confirmar (Basepex),,"R. Antônio Aparecido Ferraz, 2090 - Parque Santa Isabel, Sorocaba - SP, 18052-280, Brasil",PENDENTE,,,SIM
Large Van Elétrica,EVM,JAC E-JV12,SSP27,Large Van Eletrica J750,Large Van Eletrica J750,Infra MLP,TAT1A51,31/07/2026,11,Large Van Eletrica J750,"R$ 1.012,00","R$ 39,00",MANUTENÇÃO,INDISPONÍVEL,Quebra do amortecedor dianteiro lado motorista ,Quebra do amortecedor dianteiro lado motorista ,,OK,"R. Indalécio Alves, 2 - Vila Itapetininga, Itapetininga - SP, 18207-845, Brasil",G97X2M68K6PZ,03/08/2026,18:30:03,SOLICITADO EVM ,-,a confirmar (Basepex),,"Parada no estacionamento TransManá em Itapetininga (Rua cinco, 901 - Jardim bela vista)",PENDENTE,,,SIM
Large Van Elétrica,Arval,E-Transit,SSP34,Large Van Elétrica - Equipe Única,Large Van Elétrica - Equipe Única,Infra MLP,TAQ7A78,08/08/2026,3,Large Van Elétrica - Equipe Única,"R$ 1.084,00","R$ 39,00",MANUTENÇÃO FINALIZADA,INDISPONÍVEL,ok,SINISTRO  - CARRETA BATEU NA VAN  NO RODOANEL no dia 20/12,"SINISTRO / 03/08/206 Deivid ira retirar o veiculo hj e levar para o nosso estacionamento e aguardar a retirada, para rodar amanha dia 04/05/2026 - / veiculo liberado dia 03/08/2026",OK,"R. Augusto de Almeida Batista, 193 - Chácaras São Marcos, Embu das Artes - SP, 06814-000, Brasil",G91URSD8NETV,03/08/2026,19:07:18,-,-,a confirmar (Basepex),,,OK,,10/08/2026,SIM
Large Van Elétrica,Arval,E-Transit,SSP34,Large Van Elétrica - Equipe Única,Large Van Elétrica - Equipe Única,Infra MLP,TAQ7A63,07/08/2026,4,Large Van Elétrica - Equipe Única,"R$ 1.084,00","R$ 39,00",FOLGA,ATIVO,-,-,PROTOCOLO 22221271,OK,"Rua Dom Pedro Henrique de Orleans e Bragança 75, SP, 05117-002, Brazil",G9A7USXZDRDF,03/08/2026,19:09:37,-,-,10/ago./26,,,OK,,10/08/2026,SIM
Large Van Elétrica,Arval,E-Transit,SSP34,Large Van Elétrica - Equipe Única,Large Van Elétrica - Equipe Única,Infra MLP,TAQ7A31,04/08/2026,7,Large Van Elétrica - Equipe Única,"R$ 1.084,00","R$ 39,00",RODOU,ATIVO,-,-,Só levar para concerto ,OK,"Agnaldo Ferreira Lopes, 12 - Parque Santa Amelia, Itapecerica da Serra - SP, 06852-845, Brasil",G9EZRH819KK0,03/08/2026,19:08:28,-,-,10/ago./26,,,OK,,10/08/2026,SIM
Large Van Elétrica,Arval,E-Transit,SSP34,Large Van Elétrica - Equipe Única,Large Van Elétrica - Equipe Única,Infra MLP,TAQ7A58,08/08/2026,3,Large Van Elétrica - Equipe Única,"R$ 1.084,00","R$ 39,00",RODOU,ATIVO,-,-,,OK,"Estr. Morro Grande, 840 - Parque Santa Rita de Cassia, Cotia - SP, 06700-650, Brasil",G9TRSKKCJ6WR,03/08/2026,19:10:08,-,-,10/ago./26,,,OK,,10/08/2026,SIM
Large Van Elétrica,Arval,E-Transit,SSP34,Large Van Elétrica - Equipe Única,Large Van Elétrica - Equipe Única,Infra MLP,TAQ7A87,09/08/2026,2,Large Van Elétrica - Equipe Única,"R$ 1.084,00","R$ 39,00",RODOU,ATIVO,-,-,,OK,"Estr. Velha da Olaria, 124 - Jardim Arco-Iris, Cotia - SP, 06719-150, Brasil",G963XV1VSVU6,03/08/2026,19:10:22,-,-,10/ago./26,,,PENDENTE,,,NÃO
Large Van Elétrica,Arval,E-Transit,SSP34,Large Van Elétrica - Equipe Única,Large Van Elétrica - Equipe Única,Infra MLP,TAQ7A50,06/08/2026,5,Large Van Elétrica - Equipe Única,"R$ 1.084,00","R$ 39,00",RODOU,ATIVO,-,-,,OK,"Rua Philip Leiner, 100 - Rio Cotia, Cotia - SP, 06714-285, Brasil",G9PYMWHRFE4U,03/08/2026,19:10:01,-,-,10/ago./26,,,PENDENTE,,,NÃO
Large Van Elétrica,Arval,E-Transit,SSP34,Large Van Elétrica - Equipe Única,Large Van Elétrica - Equipe Única,Infra MLP,TAQ7A83,24/05/2026,79,Large Van Elétrica - Equipe Única,"R$ 1.084,00","R$ 39,00",MANUTENÇÃO,INDISPONÍVEL,Van não carrega,"Problema para carregar, já foi testado 3 carregadores e sem sucesso, será levado para Ford para manutenção!",,Offline,"R. Turiassu, 1274 - Perdizes, São Paulo - SP, 05001-900, Brasil",G9JFJRR09940,15/06/2026,14:09:40,Ford Studio Perdizes,114617-9300,a confirmar (Basepex),NÃO POSSUI,"Av. Sumaré, 580 - PerdizesSão Paulo - SP, 05016-090",PENDENTE,,,NÃO
Large Van Elétrica,Arval,E-Transit,SSP34,Large Van Elétrica - Equipe Única,Large Van Elétrica - Equipe Única,Infra MLP,TAQ7A72,04/06/2026,68,Large Van Elétrica - Equipe Única,"R$ 1.084,00","R$ 39,00",MANUTENÇÃO,INDISPONÍVEL,Van não carrega,"Van com problema para carregar, não carrega em nenhum carregador e provavelmente foi por conta das quedas de energia no estacionamento. Manutenção urgente por gentileza! -Veículo desligando sozinho - Pneu furado em mais de um lugar, já foi arrumado algumas vezes mas problema continua! 1 pneu dianteiro está furado, drive  todos dias tem encher pneu fazer reparo urgente / Trocar pastilhas de freio, ja estão pegando no disco  URGÊNTE ",,Offline,"R. Ciro Costa, 44 - Perdizes, São Paulo - SP, 05007-060, Brasil",G9Z64TE6XCFY,12/06/2026,16:32:13,Ford Studio Perdizes,1138664000,a confirmar (Basepex),NÃO POSSUI,"Av. Sumaré, 580 - PerdizesSão Paulo - SP, 05016-090",PENDENTE,,,NÃO
Large Van Elétrica,Arval,E-Transit,SSP34,Large Van Elétrica - Equipe Única,Large Van Elétrica - Equipe Única,Infra MLP,TAQ7A45,20/07/2026,22,Large Van Elétrica - Equipe Única,"R$ 1.084,00","R$ 39,00",MANUTENÇÃO,INDISPONÍVEL,Van não carrega,Manutenção TAQTA45 Problema no carregador precisando de reparo Já está na Ford,,Offline,"Al. Rio Negro, 402e - Alphaville, Barueri - SP, 06454-000, Brasil",G9ASKMYT3VT4,27/07/2026,09:01:01,Ford Studio Perdizes,1138664000,a confirmar (Basepex),NÃO POSSUI,"Av. Sumaré, 580 - PerdizesSão Paulo - SP, 05016-090",PENDENTE,,,NÃO
Large Van Elétrica,EVM,JAC E-JV12,SSP36,Large Van Eletrica J750,Large Van Eletrica J750,Infra MLP,TAS9D90,08/08/2026,3,Large Van Eletrica J750,"R$ 1.012,00","R$ 39,00",FOLGA,ATIVO,-,-,,OK,"R. José Pinto de Lima, 114 - Mário Dedini, Piracicaba - SP, 13412-634, Brasil",G9JZPTUR2A5E,03/08/2026,19:07:48,-,-,10/ago./26,,,OK,NÃO,10/08/2026,SIM
Large Van Elétrica,EVM,JAC E-JV12,SSP36,Large Van Eletrica J750,Large Van Eletrica J750,Infra MLP,TAS9D45,07/08/2026,4,Large Van Eletrica J750,"R$ 1.012,00","R$ 39,00",RODOU,ATIVO,-,-,Protocolo EVM20260713000046,Offline,"R. Fernão Pompeu de Camargo, 790 - Jardim Leonor, Campinas - SP, 13041-025, Brasil",G93BVSR4JX0R,14/06/2026,14:00:20,-,-,10/ago./26,41709,,OK,NÃO,10/08/2026,SIM
Large Van Elétrica,EVM,JAC E-JV12,SSP36,Large Van Eletrica J750,Large Van Eletrica J750,Infra MLP,TAT1A92,08/08/2026,3,Large Van Eletrica J750,"R$ 1.012,00","R$ 39,00",RODOU,ATIVO,-,-,maçaneta nao chegou - JAC (sem driver) - previsão de peça 29/05- CHAMADO ABERTO NO PORTAL - VEÍCULO COLIDIU,OK,"R. Gerônimo Casarini, 92 - Abaeté, Piracicaba - SP, 13420-248, Brasil",G9BTKYWA4M7C,03/08/2026,19:08:04,-,-,10/ago./26,,,OK,NÃO,10/08/2026,SIM
Large Van Elétrica,EVM,JAC E-JV12,SSP36,Large Van Eletrica J750,Large Van Eletrica J750,Infra MLP,TAT1A93,08/08/2026,3,Large Van Eletrica J750,"R$ 1.012,00","R$ 39,00",RODOU,ATIVO,-,-,ENVIADA CNH DO MOTORISTA - ALEXANDRA 17/07 ,OK,"R. Joaquim André, 775 - Paulista, Piracicaba - SP, 13400-850, Brasil",G91WF6925XB8,03/08/2026,19:08:03,-,-,10/ago./26,,,OK,NÃO,10/08/2026,SIM
Large Van Elétrica,EVM,JAC E-JV12,SSP36,Large Van Eletrica J750,Large Van Eletrica J750,Infra MLP,TAS9D81,08/08/2026,3,Large Van Eletrica J750,"R$ 1.012,00","R$ 39,00",RODOU,ATIVO,-,-,agendado 11/5; agendamento 15/05,OK,"R. Santa Catarina, 1906 - Água Branca, Piracicaba - SP, 13425-275, Brasil",G9VS30039CW4,03/08/2026,19:10:27,-,-,10/ago./26,,,OK,NÃO,10/08/2026,SIM
Large Van Elétrica,EVM,JAC E-JV12,SSP36,Large Van Eletrica J750,Large Van Eletrica J750,Infra MLP,TAS9D70,08/08/2026,3,Large Van Eletrica J750,"R$ 1.012,00","R$ 39,00",RODOU,ATIVO,-,-,PROTOCOLO EVM20260714000010,OK,"R. Cel. Manoel Inácio da Motta Pacheco, 1367 - Jardim Monumento, Piracicaba - SP, 13405-183, Brasil",G9EX2H706M8C,03/08/2026,18:42:15,-,-,10/ago./26,,,OK,NÃO,10/08/2026,SIM
Large Van Elétrica,EVM,JAC E-JV12,SSP36,Large Van Eletrica J750,Large Van Eletrica J750,Infra MLP,TAS9D80,08/08/2026,3,Large Van Eletrica J750,"R$ 1.012,00","R$ 39,00",RODOU,ATIVO,-,-,agendado 12/5; agendamento 18/5,OK,"Av. Piracicamirim, 2671 - Piracicamirim, Piracicaba - SP, 13417-780, Brasil",G96U21CEDF2A,03/08/2026,18:59:34,-,-,10/ago./26,,,OK,NÃO,10/08/2026,SIM
Large Van Elétrica,EVM,JAC E-JV12,SSP36,Large Van Eletrica J750,Large Van Eletrica J750,Infra MLP,TAT1A78,08/08/2026,3,Large Van Eletrica J750,"R$ 1.012,00","R$ 39,00",RODOU,ATIVO,-,-,,OK,"R. Bento B. Amaral Gurgel, 153 - Jardim Taiguara I, Piracicaba - SP, 13411-110, Brasil",G97K1BMAV4Y0,03/08/2026,19:07:42,-,-,10/ago./26,,,OK,NÃO,10/08/2026,SIM
Large Van Elétrica,EVM,JAC E-JV12,SSP36,Large Van Eletrica J750,Large Van Eletrica J750,Infra MLP,TAS9D92,31/07/2026,11,Large Van Eletrica J750,"R$ 1.012,00","R$ 39,00",MANUTENÇÃO,INDISPONÍVEL,"Van estourou mocinetica, entortou a roda","Van estourou a mocinete dianteira , entortou a roda tbm .","Veículo guinchado - homocinetica estouro, ",OK,"Rod. Dom Gabriel Paulino Bueno Couto, 500 - Retiro, Jundiaí - SP, 13317-204, Brasil",G93K4F7TFN0B,03/08/2026,04:43:15,-,-,a confirmar (Basepex),,,NA OFICINA,NÃO,,NÃO
Large Van Elétrica,EVM,JAC E-JV12,SSP36,Large Van Eletrica J750,Large Van Eletrica J750,Infra MLP,TAS9D47,08/08/2026,3,Large Van Eletrica J750,"R$ 1.012,00","R$ 39,00",RODOU,ATIVO,-,-,,OK,"R. Corcovado, 3600 - Vila Sônia, Piracicaba - SP, 13408-072, Brasil",G9VXMVS3AAD9,03/08/2026,19:10:29,-,-,10/ago./26,,,PENDENTE,NÃO,,NÃO
Large Van Elétrica,EVM,JAC E-JV12,SSP39,Large Van Eletrica J750,Large Van Eletrica J750,Infra Interna,TAU2F86,26/07/2026,16,Large Van Eletrica J750,"R$ 1.012,00","R$ 39,00",MANUTENÇÃO,INDISPONÍVEL,Amortecedor quebrou,Amortecedor quebrou em rota.,"04/08/2026 - aguardando retorno da evm , local aonde sera enviado o veiculo para amanutenção ",OK,"Rod. Pres. Dutra, 318 - Parque das Rodovias, Lorena - SP, 12605-530, Brasil",G9JS3MXUEMHT,03/08/2026,15:53:49,-,-,a confirmar (Basepex),,Parado na base do Meli,OK,SIM,10/08/2026,SIM
Large Van Elétrica,EVM,JAC E-JV12,SSP39,Large Van Eletrica J750,Large Van Eletrica J750,Infra Interna,TAU2C10,09/08/2026,2,Large Van Eletrica J750,"R$ 1.012,00","R$ 39,00",RODOU,ATIVO,-,-,,Offline,"Tv. Goncalves Dias, 148 - Parque Mondesir, Lorena - SP, 12605-530, Brasil",G9YVR0863ZS7,02/07/2026,09:02:41,-,-,10/ago./26,41754,,OK,SIM,10/08/2026,SIM
Large Van Elétrica,EVM,JAC E-JV12,SSP39,Large Van Eletrica J750,Large Van Eletrica J750,Infra Interna,TAU2F79,09/08/2026,2,Large Van Eletrica J750,"R$ 1.012,00","R$ 39,00",RODOU,ATIVO,-,-,-,OK,"Tv. Goncalves Dias, 148 - Parque Mondesir, Lorena - SP, 12605-530, Brasil",G9NH32RDT7J0,03/08/2026,19:08:10,-,-,10/ago./26,,,OK,SIM,10/08/2026,SIM
Large Van Elétrica,Localiza,E-Transit,SSP39,Large Van Elétrica - Equipe Única - Localiza,Large Van Elétrica - Equipe Única - Localiza,Infra Interna,TAR2A19,09/08/2026,2,Large Van Elétrica - Equipe Única - Localiza,"R$ 1.033,00","R$ 39,00",RODOU,ATIVO,-,-,,OK,"Rod. Pres. Dutra, 318 - Parque das Rodovias, Lorena - SP, 12605-530, Brasil",G9DMXRZ9U13A,03/08/2026,19:09:49,-,-,10/ago./26,,,OK,SIM,10/08/2026,SIM
Large Van Elétrica,Localiza,E-Transit,SSP39,Large Van Elétrica - Equipe Única - Localiza,Large Van Elétrica - Equipe Única - Localiza,Infra Interna,TAR1I71,09/08/2026,2,Large Van Elétrica - Equipe Única - Localiza,"R$ 1.033,00","R$ 39,00",RODOU,ATIVO,-,-,,OK,"Tv. Goncalves Dias, 148 - Parque Mondesir, Lorena - SP, 12605-530, Brasil",G9E9VYURHBRS,03/08/2026,19:09:53,-,-,10/ago./26,,,OK,SIM,10/08/2026,SIM
Large Van Elétrica,Localiza,E-Transit,SSP39,Large Van Elétrica - Equipe Única - Localiza,Large Van Elétrica - Equipe Única - Localiza,Infra Interna,TAR1J35,09/08/2026,2,Large Van Elétrica - Equipe Única - Localiza,"R$ 1.033,00","R$ 39,00",RODOU,ATIVO,-,-,-,OK,"R. Sem Denominacao, 385 - Parque Mondesir, Lorena - SP, 12605-530, Brasil",G92F3HNV5105,03/08/2026,18:08:09,-,-,10/ago./26,,,OK,SIM,10/08/2026,SIM
Large Van Elétrica,Localiza,E-Transit,SSP39,Large Van Elétrica - Equipe Única - Localiza,Large Van Elétrica - Equipe Única - Localiza,Infra Interna,TAR1I66,09/08/2026,2,Large Van Elétrica - Equipe Única - Localiza,"R$ 1.033,00","R$ 39,00",RODOU,ATIVO,-,-,-,OK,"R. Euclídes M de Aquino, 315 - Parque das Rodovias, Lorena - SP, 12605-565, Brasil",G9SR1W8RTPUA,03/08/2026,19:07:17,-,-,10/ago./26,,,OK,SIM,10/08/2026,SIM
Large Van Elétrica,Localiza,E-Transit,SSP39,Large Van Elétrica - Equipe Única - Localiza,Large Van Elétrica - Equipe Única - Localiza,Infra Interna,TAR1J72,09/08/2026,2,Large Van Elétrica - Equipe Única - Localiza,"R$ 1.033,00","R$ 39,00",RODOU,ATIVO,-,-,BRUNO NÃO MANDOU NA DATA DO AGENDAMENTO ,OK,"Tv. Goncalves Dias, 148 - Parque Mondesir, Lorena - SP, 12605-530, Brasil",G909YT0NB2VV,03/08/2026,19:09:23,-,-,10/ago./26,,,OK,SIM,10/08/2026,SIM
Large Van Elétrica,EVM,JAC E-JV12,SSP39,Large Van Eletrica J750,Large Van Eletrica J750,Infra Interna,TAU2C09,09/08/2026,2,Large Van Eletrica J750,"R$ 1.012,00","R$ 39,00",RODOU,ATIVO,-,-,,OK,"Tv. Goncalves Dias, 148 - Parque Mondesir, Lorena - SP, 12605-530, Brasil",G9D85V2Z251C,03/08/2026,19:09:26,-,-,10/ago./26,,,OK,SIM,10/08/2026,SIM
Large Van Elétrica,EVM,JAC E-JV12,SSP39,Large Van Eletrica J750,Large Van Eletrica J750,Infra Interna,TAU2F82,09/08/2026,2,Large Van Eletrica J750,"R$ 1.012,00","R$ 39,00",RODOU,ATIVO,-,-,,OK,"Tv. Goncalves Dias, 148 - Parque Mondesir, Lorena - SP, 12605-530, Brasil",G9SRRMHESRVA,03/08/2026,19:10:19,-,-,10/ago./26,,,OK,SIM,10/08/2026,SIM
Large Van Elétrica,EVM,JAC E-JV12,SSP39,Large Van Eletrica J750,Large Van Eletrica J750,Infra Interna,TAU2C08,09/08/2026,2,Large Van Eletrica J750,"R$ 1.012,00","R$ 39,00",RODOU,ATIVO,-,-,,OK,"Rod. Pres. Dutra, 100 - Jardim Nova Era, Guaratinguetá - SP, 12503-010, Brasil",G9VXC8R1J8NY,03/08/2026,19:03:24,-,-,10/ago./26,,,OK,SIM,10/08/2026,SIM
Large Van Elétrica,EVM,JAC E-JV12,SSP39,Large Van Eletrica J750,Large Van Eletrica J750,Infra Interna,TAU2F71,09/08/2026,2,Large Van Eletrica J750,"R$ 1.012,00","R$ 39,00",RODOU,ATIVO,-,-,,OK,"Tv. Goncalves Dias, 148 - Parque Mondesir, Lorena - SP, 12605-530, Brasil",G9V8JEZC5MDT,03/08/2026,18:48:39,-,-,10/ago./26,,,OK,SIM,10/08/2026,SIM
Large Van Elétrica,EVM,JAC E-JV12,SSP39,Large Van Eletrica J750,Large Van Eletrica J750,Infra Interna,TAU3H08,09/08/2026,2,Large Van Eletrica J750,"R$ 1.012,00","R$ 39,00",RODOU,ATIVO,-,-,-,OK,"Tv. Goncalves Dias, 148 - Parque Mondesir, Lorena - SP, 12605-530, Brasil",G9NWBP87559W,03/08/2026,19:07:56,-,-,10/ago./26,,,OK,SIM,10/08/2026,SIM
Large Van Elétrica,EVM,JAC E-JV12,SSP39,Large Van Eletrica J750,Large Van Eletrica J750,Infra Interna,TAU2F78,13/07/2026,29,Large Van Eletrica J750,"R$ 1.012,00","R$ 39,00",MANUTENÇÃO,INDISPONÍVEL,"Amortecedor estourou em rota, está pegando no pneu. ","Amortecedor estourou em rota, está pegando no pneu. ",PROTOCOLO EVM20260713000031 / RES6758275108/1 - Guincho acionado para manutencão 27/07/2026 - (Eliene Alves),Offline,"Av. Dr. Nélson d'Ávila, 743 - Jardim Vale Paraiso, São José dos Campos - SP, 12245-030, Brasil",G9BY2BYFT0PY,30/07/2026,17:12:59,SOLICITADO EVM,(11) 93332-5411,a confirmar (Basepex),NÃO POSSUI,,NA OFICINA,,,NÃO
Large Van Elétrica,EVM,JAC E-JV12,SSP39,Large Van Eletrica J750,Large Van Eletrica J750,Infra Interna,TAU2B93,09/06/2026,63,Large Van Eletrica J750,"R$ 1.012,00","R$ 39,00",MANUTENÇÃO,INDISPONÍVEL,"Cambio, aguardando peça",Barulho na roda (que vai e volta) e freio não está muito bom.,,Offline,"R. João Crispim, 19 - Res. Burck, Louveira - SP, 13290-000, Brasil",G9JXWJ1T3V7J,23/07/2026,12:28:50,BOSCH CAR SERVICE SHALON,(12) 3301-3002,a confirmar (Basepex),NÃO POSSUI,,NA OFICINA,,,NÃO
Van Elétrica,Localiza,E-Jumpy Furgão 2p,SSP7,Van Média Elétrica,Van Média Elétrica,Portatil,SEF1D86,02/08/2026,9,Van Média Elétrica,"R$ 735,00","R$ 35,00",FOLGA,ATIVO,-,-,,OK,"Av. Pres. Médici, 1214 - Mutinga, Osasco - SP, 06268-000, Brasil",G9MDT06UJBEN,03/08/2026,19:02:11,-,-,12/ago./26,,,OK,,,SIM
Van Elétrica,Arval,JAC 5.5,SSP7,Van Elétrica JV,Van Elétrica JV,CAAS,TAO0J45,08/08/2026,3,Van Elétrica JV,"R$ 774,00","R$ 34,00",RODOU,ATIVO,-,-,,OK,"Av. Pres. Médici, 1214 - Mutinga, Osasco - SP, 06268-000, Brasil",G96EJRXU76ND,03/08/2026,19:07:32,-,-,12/ago./26,,,OK,,,SIM
Large Van Elétrica,Localiza,E-Transit,SSP7,Large Van Elétrica - Equipe Única - Localiza,Large Van Elétrica - Equipe Única - Localiza,Infra MLP,TCZ3F16,19/07/2026,23,Large Van Elétrica - Equipe Única - Localiza,"R$ 1.033,00","R$ 39,00",MANUTENÇÃO,INDISPONÍVEL,Van não carrega,"Veiculo com problema na parte elétrica, não está carregando, solicitar manutenção.",,OK,"Av. Pres. Médici, 1214 - Mutinga, Osasco - SP, 06268-000, Brasil",G9XFPWU6MZDU,03/08/2026,19:02:20,-,-,a confirmar (Basepex),,Parado no galpão de Osasco,OK,,,SIM
Van Elétrica,Localiza,E-Jumpy Furgão 2p,SSP7,Van Média Elétrica,Van Média Elétrica,Portatil,SEF1D78,13/02/2026,179,Van Média Elétrica,"R$ 735,00","R$ 35,00",MANUTENÇÃO,INDISPONÍVEL,Van não carrega,"Veículo retornou da manutenção com os mesmos defeitos, inclusive com um defeito a mais a van não carrega mais, em nenhum carregador. ","localiza da um prazo de 48h se nao aprova automatico - AGUARDANDO PEÇA | 04/08 Em contato com o Ulisses da Localiza, prazo de retorno desse veículo é para 07/08",Offline,"Est. Recanto do Sol, 250 - Soares, Jarinu - SP, 13240-000, Brasil",G98Z46A23PZ4,12/07/2026,18:04:56,LE MANS VEICULOS,19 37948000,a confirmar (Basepex),NÃO POSSUI,"Avenida Jose de Souza Campo, 2156- Nova Campinas- Campinas - SP",NA OFICINA,,,NÃO
Van Elétrica,Arval,JAC 5.5,SSP7,Van Elétrica JV,Van Elétrica JV,CAAS,TAO0J41,15/07/2026,27,Van Elétrica JV,"R$ 774,00","R$ 34,00",MANUTENÇÃO,INDISPONÍVEL,Portas não travam,Falha elétrica no travamento das portas. Veículo não abre e nem fecha pelo controle nem manualmente. ,PROTOCOLO 22265971,Offline,"R. Cerro Corá, 1100 - Vila Romana, São Paulo - SP, 02520-310, Brasil",G949987AR7D4,01/08/2026,22:45:29,JAC LIMÃO - SÃO PAULO,11 91307-6398,a confirmar (Basepex),NÃO POSSUI,"Av. Engenheiro Caetano Álvares, 200 - Casa Verde -SP",NA OFICINA,,,NÃO
Van Elétrica,Localiza,E-Jumpy Furgão 2p,SSP7,Van Média Elétrica,Van Média Elétrica,Portatil,SEF1D76,14/07/2026,28,Van Média Elétrica,"R$ 735,00","R$ 35,00",MANUTENÇÃO,INDISPONÍVEL,Porta saiu do trilho,"Porta lateral caindo, problema nos trilhos. Caiu em rota, driver conseguiu fechar forçando e está parada no estacionamento ",PROTOCOLO 6887228 - ALEXANDRA 21/07 agendado 22/07 qualquer horario,Offline,"Av. Barão de Mauá, 1961 - Jardim Maringá, Mauá - SP, 09340-440, Brasil",G93ATYE9KPHA,12/06/2026,13:46:27,OFICINA MIL GRAU,(11) 3856-8513,a confirmar (Basepex),39841,"Liberada hoje da oficina, em São Miguel Paulista/São Paulo",NA OFICINA,,,NÃO
Van Elétrica,Localiza,E-Jumpy Furgão 2p,SSP7,Van Média Elétrica,Van Média Elétrica,Portatil,SEF1D73,10/08/2026,1,Van Média Elétrica,"R$ 735,00","R$ 35,00",FOLGA,ATIVO,-,-,,Offline,"Condomínio Barão de Mauá - Pte. Alta, Atibaia - SP, Brasil",G90D0JB8ENEV,23/01/2026,09:01:41,-,-,12/ago./26,41693,,PENDENTE,,,NÃO
Van Elétrica,Localiza,E-Jumpy Furgão 2p,SSP7,Van Média Elétrica,Van Média Elétrica,Portatil,SEF1D85,07/08/2026,4,Van Média Elétrica,"R$ 735,00","R$ 35,00",FOLGA,ATIVO,-,-,,OK,"Av. Pres. Médici, 1214 - Mutinga, Osasco - SP, 06268-000, Brasil",GA5N2EH1ZRTY,03/08/2026,18:49:29,-,-,12/ago./26,,,PENDENTE,,,NÃO
Van Elétrica,Localiza,E-Jumpy Furgão 2p,SSP7,Van Média Elétrica,Van Média Elétrica,Portatil,SEF1D89,10/08/2026,1,Van Média Elétrica,"R$ 735,00","R$ 35,00",FOLGA,ATIVO,-,-,,OK,"R. Camacam, 103 - Vila Anastácio, São Paulo - SP, 05095-000, Brasil",G9H4K12WB3P7,03/08/2026,18:09:24,-,-,12/ago./26,,,PENDENTE,,,NÃO
Van Elétrica,Localiza,E-Jumpy Furgão 2p,SSP7,Van Média Elétrica,Van Média Elétrica,Portatil,SEF1D87,10/08/2026,1,Van Média Elétrica,"R$ 735,00","R$ 35,00",FOLGA,ATIVO,-,-,aguardando orçamento ,OK,"R. Bartolomeu Paes, 136 - Lapa, São Paulo - SP, 05092-000, Brasil",G9HW4ZJ579K9,03/08/2026,19:04:54,-,-,12/ago./26,,,PENDENTE,,,NÃO
Van Elétrica,Arval,JAC 5.5,SSP7,Van Elétrica JV,Van Elétrica JV,CAAS,TAN9D66,10/08/2026,1,Van Elétrica JV,"R$ 774,00","R$ 34,00",FOLGA,ATIVO,-,-,SOLICITAMOS AGENDAMENTO EM 31/03/26,OK,"R. Bartolomeu Paes, 136 - Lapa, São Paulo - SP, 05092-000, Brasil",G91U7WN6666H,03/08/2026,19:05:10,-,-,12/ago./26,,,PENDENTE,,,NÃO
Van Elétrica,Localiza,E-Jumpy Furgão 2p,SSP7,Van Média Elétrica,Van Média Elétrica,Portatil,SEF1D80,10/08/2026,1,Van Média Elétrica,"R$ 735,00","R$ 35,00",RODOU,ATIVO,-,-,,Captura de tela 2026-08-03 191508.png,-,Captura de tela 2026-08-03 191508.png,Captura de tela 2026-08-03 191508.png,Captura de tela 2026-08-03 191508.png,-,-,12/ago./26,GEOTAB NÃO LIBEROU  VISUALIZAÇÃO,,PENDENTE,,,NÃO
Van Elétrica,Arval,JAC 5.5,SSP7,Van Elétrica JV,Van Elétrica JV,Infra MLP,TAN9D43,10/08/2026,1,Van Elétrica JV,"R$ 774,00","R$ 34,00",RODOU,ATIVO,-,-,PROTOCOLO 4575770-26 GUINCHO,Offline,"Av. Eng. Caetano Álvares, 200 - Limão, São Paulo - SP, 02520-310, Brasil",G94UA1AEVECW,12/06/2026,15:20:06,-,-,12/ago./26,NÃO POSSUI,,PENDENTE,,,NÃO
Van Elétrica,Localiza,E-Jumpy Furgão 2p,SSP7,Van Média Elétrica,Van Média Elétrica,Portatil,SEF1D83,10/08/2026,1,Van Média Elétrica,"R$ 735,00","R$ 35,00",RODOU,ATIVO,-,-,AGUARDANDO PEÇA DO MODULO,Offline,"Rua Alvaro Suarez Acedo, 161 - Jardim do Cedro, Bragança Paulista - SP, 12926-270, Brasil",G9P3009YS2AS,12/02/2026,10:44:49,-,-,12/ago./26,41693,,PENDENTE,,,NÃO
Van Elétrica,Localiza,E-Jumpy Furgão 2p,SSP7,Van Média Elétrica,Van Média Elétrica,Portatil,SEF1D79,10/08/2026,1,Van Média Elétrica,"R$ 735,00","R$ 35,00",RODOU,ATIVO,-,-,"Motorista vai pagar o terceiro por fora, teve pequenos detalhes na van, o mesmo so ira encaixar no edilson funilaria.  - ",Offline,"Condomínio Barão de Mauá - Pte. Alta, Atibaia - SP, Brasil",G92VZT6JDWMS,23/02/2026,16:07:16,-,-,12/ago./26,41693,,PENDENTE,,,NÃO
Van Elétrica,Localiza,E-Jumpy Furgão 2p,SSP7,Van Média Elétrica,Van Média Elétrica,Portatil,SEF1D84,05/08/2026,6,Van Média Elétrica,"R$ 735,00","R$ 35,00",RODOU,ATIVO,-,-,CONTATO COM A OFICINA - ALEXANDRA16/07,Offline,"R. Monte Aprazível, 253 - Chácara da Barra, Campinas - SP, 13090-764, Brasil",G95E9BTHF59A,09/02/2026,17:15:56,-,-,12/ago./26,41693,,PENDENTE,,,NÃO
Van Elétrica,Localiza,E-Jumpy Furgão 2p,SSP7,Van Média Elétrica,Van Média Elétrica,Portatil,SEF1D82,07/08/2026,4,Van Média Elétrica,"R$ 735,00","R$ 35,00",RODOU,ATIVO,-,-,,OK,"R. Campos Vergueiro, 121 - Vila Anastácio, São Paulo - SP, 05095-020, Brasil",G9HRDSZ0V8KY,03/08/2026,18:54:43,-,-,12/ago./26,,,PENDENTE,,,NÃO
Van Elétrica,Localiza,E-Jumpy Furgão 2p,SSP7,Van Média Elétrica,Van Média Elétrica,Portatil,SEF1D90,10/08/2026,1,Van Média Elétrica,"R$ 735,00","R$ 35,00",RODOU,ATIVO,-,-,aguardando orçamento locadora,OK,"R. Camacam, 130 - Jardim Pte. Alta I, São Paulo - SP, 05095-000, Brasil",G92MJ6XS3SN7,03/08/2026,19:07:24,-,-,12/ago./26,,,PENDENTE,,,NÃO
Van Elétrica,Arval,JAC 5.5,SSP7,Van Elétrica JV,Van Elétrica JV,CAAS,TAO1A57,10/08/2026,1,Van Elétrica JV,"R$ 774,00","R$ 34,00",RODOU,ATIVO,-,-,CHAMADO ARVAL PARA O TERCEIRO ,OK,"R. Camacam, 107 - Vila Anastácio, São Paulo - SP, 05095-000, Brasil",G9WMXCN1A0HB,03/08/2026,19:10:15,-,-,12/ago./26,,,PENDENTE,,,NÃO
Large Van Elétrica,Localiza,E-Transit,SSP7,Large Van Elétrica - Equipe Única - Localiza,Large Van Elétrica - Equipe Única - Localiza,Infra MLP,TCZ3F21,09/08/2026,2,Large Van Elétrica - Equipe Única - Localiza,"R$ 1.033,00","R$ 39,00",RODOU,ATIVO,-,-,,OK,"R. Bartolomeu Paes, 136 - Lapa, São Paulo - SP, 05092-000, Brasil",G9P5K2YR8N15,03/08/2026,16:58:45,-,-,12/ago./26,,,PENDENTE,,,NÃO
Large Van Elétrica,Localiza,E-Transit,SSP7,Large Van Elétrica - Equipe Única - Localiza,Large Van Elétrica - Equipe Única - Localiza,Infra MLP,TCZ3F31,09/08/2026,2,Large Van Elétrica - Equipe Única - Localiza,"R$ 1.033,00","R$ 39,00",RODOU,ATIVO,-,-,-,OK,"Av. Pres. Médici, 1214 - Mutinga, Osasco - SP, 06268-000, Brasil",G9XYSFD54E83,03/08/2026,18:47:57,-,-,12/ago./26,,,PENDENTE,,,NÃO
Van Elétrica,Arval,JAC 5.5,SSP8,Van Elétrica JV,Van Elétrica JV,Infra MLP,TAO1B10,22/04/2026,111,Van Elétrica JV,"R$ 774,00","R$ 34,00",MANUTENÇÃO,INDISPONÍVEL,SINISTRO,SINISTRO,ENTREI EM CONTATO COM A OFICINA SEM PREVISÃO PEÇA EM FALTA ALEXANDRA 16/07 - entrei em contato hj 27/07/2026 (aguardando o retorno da Arval ),OK,"Rua Oswaldo Ricci, 90 - Jardim Uira, São José dos Campos - SP, 12227-750, Brasil",G9P02FM2660E,03/08/2026,19:08:00,Auto Center Nova Geração LOJA 1,(12) 3913-3733,a confirmar (Basepex),,"Av Dr Nelson d'Avila 735, Jardim São divas , São José dos Campos (oficina)",NA OFICINA,,,NÃO
Large Van Elétrica,EVM,JAC E-JV12,SSP8,Large Van Eletrica J750,Large Van Eletrica J750,Infra MLP,TAS9B87,23/07/2026,19,Large Van Eletrica J750,"R$ 1.012,00","R$ 39,00",MANUTENÇÃO,INDISPONÍVEL,Barulho no diferencial,"
A van está com barulho no diferencial, provavelmente coroa e pinhão ""estalos""
Está com folga e travando na saída, tanto pra frente quanto dando ré.",SOLICITADO 21/07 - ALEXANDRA - EVM20260721000024,OK,"Av. Prof. Joaquim de Michieli, 2086 - Jardim Esmeralda, Limeira - SP, 13484-461, Brasil",G9CD9BAV4KJB,03/08/2026,16:34:24,JAC - LIMEIRA,(12) 3913-3733,a confirmar (Basepex),,"RUA PASCHOAL MARMO, 2086 - JARDIM NOSSA SENHORA DE FÁTIMA, LIMEIRA - SP,",NA OFICINA,,,NÃO
Large Van Elétrica,EVM,JAC E-JV12,SSP8,Large Van Eletrica J750,Large Van Eletrica J750,Infra MLP,TAS9B86,11/06/2026,61,Large Van Eletrica J750,"R$ 1.012,00","R$ 39,00",MANUTENÇÃO,INDISPONÍVEL,Amortecedor,Amortecedor ,"Ultima oficina não recebeu o veículo, aguardando novo agendamento solcitado email | 04/08 veículo parado em nossa infraestrutura TransManá",OK,"Rod. João Amaral Gurgel, 3560 - Sapé 1, Caçapava - SP, 12285-020, Brasil",G9AXECR1EUEB,03/08/2026,04:52:04,SOLICITADO EVM ,-,a confirmar (Basepex),,"Rod. João Amaral Gurgel, 3480 - Sapé Caçapava - SP, 12285-020 (em nosso estacionamento)",NA OFICINA,,,NÃO
Van Elétrica,Arval,JAC 5.5,SSP8,Van Elétrica JV,Van Elétrica JV,Infra MLP,TAS1H67,11/08/2026,0,Van Elétrica JV,"R$ 774,00","R$ 34,00",FOLGA,ATIVO,-,-,-,OK,"R. Pedra Alta, 130 - Jardim Altos de Santana, São José dos Campos - SP, 12214-391, Brasil",G96ETNJT35M6,03/08/2026,18:43:15,-,-,12/ago./26,,,PENDENTE,,,NÃO
Van Elétrica,Arval,JAC 5.5,SSP8,Van Elétrica JV,Van Elétrica JV,Infra MLP,TAS1H33,11/08/2026,0,Van Elétrica JV,"R$ 774,00","R$ 34,00",RODOU,ATIVO,-,-,-,OK,"Rua Antenor José dos Santos, 40 - CDHU Vila Centenário, Caçapava - SP, 12285-516, Brasil",G90W3N49NFXA,03/08/2026,19:10:27,-,-,12/ago./26,,,PENDENTE,,,NÃO
Van Elétrica,Arval,JAC 5.5,SSP8,Van Elétrica JV,Van Elétrica JV,Infra MLP,TAR0C41,11/08/2026,0,Van Elétrica JV,"R$ 774,00","R$ 34,00",RODOU,ATIVO,-,-,,OK,"R. Haia, 146 - Jardim Augusta, São José dos Campos - SP, 12216-650, Brasil",G941VT7F2K8E,03/08/2026,19:10:28,-,-,12/ago./26,,,PENDENTE,,,NÃO
Van Elétrica,Arval,JAC 5.5,SSP8,Van Elétrica JV,Van Elétrica JV,Infra MLP,TAS1H48,11/08/2026,0,Van Elétrica JV,"R$ 774,00","R$ 34,00",RODOU,ATIVO,-,-,PROTOCOLO 22323960 - ALEXANDRA 21/07,OK,"R. José Pereira de Faria, 140 - Res. Estoril, Taubaté - SP, 12092-732, Brasil",G95F0RMD78DN,03/08/2026,19:10:24,-,-,12/ago./26,,,PENDENTE,,,NÃO
Van Elétrica,Arval,JAC 5.5,SSP8,Van Elétrica JV,Van Elétrica JV,Infra MLP,TAS1H43,11/08/2026,0,Van Elétrica JV,"R$ 774,00","R$ 34,00",RODOU,ATIVO,-,-,PROTOCOLO 22323958 - ALEXANDRA 21/07,OK,"R. Teresina, 1143 - Parque Industrial, São José dos Campos - SP, 12235-610, Brasil",G9DPVTAFMYFY,03/08/2026,18:42:47,-,-,12/ago./26,,,PENDENTE,,,NÃO
Van Elétrica,Arval,JAC 5.5,SSP8,Van Elétrica JV,Van Elétrica JV,Infra MLP,TAS1J05,10/08/2026,1,Van Elétrica JV,"R$ 774,00","R$ 34,00",RODOU,ATIVO,-,-,,OK,"Rod. João Amaral Gurgel, 3560 - Sapé 1, Caçapava - SP, 12285-020, Brasil",G9ERZ8N6EVD9,03/08/2026,19:10:24,-,-,12/ago./26,,,PENDENTE,,,NÃO
Van Elétrica,Arval,JAC 5.5,SSP8,Van Elétrica JV,Van Elétrica JV,Infra MLP,TAO1B16,11/08/2026,0,Van Elétrica JV,"R$ 774,00","R$ 34,00",RODOU,ATIVO,-,-,,OK,"R. Visc. do Rio Branco, 302 - Centro, Taubaté - SP, 12020-040, Brasil",G93AHU19RBFW,03/08/2026,19:09:35,-,-,12/ago./26,,,PENDENTE,,,NÃO
Van Elétrica,Arval,JAC 5.5,SSP8,Van Elétrica JV,Van Elétrica JV,Infra MLP,TAS1I80,11/08/2026,0,Van Elétrica JV,"R$ 774,00","R$ 34,00",RODOU,ATIVO,-,-,SOLICITAMOS AGENDAMENTO EM 31/03/26,OK,"R. Cap. Edu Figueiredo, 55 - Chacaras Rurais Santa Maria, Jacareí - SP, 12328-310, Brasil",G97E0J78DBAW,03/08/2026,19:10:23,-,-,12/ago./26,,,PENDENTE,,,NÃO
Van Elétrica,Arval,JAC 5.5,SSP8,Van Elétrica JV,Van Elétrica JV,Infra MLP,TAS9F68,11/08/2026,0,Van Elétrica JV,"R$ 774,00","R$ 34,00",RODOU,ATIVO,-,-,-,OK,"R. Osvaldo Macedo Lecques, 240 - Jardim Torrao de Ouro, São José dos Campos - SP, 12231-610, Brasil",G9W153HYTY88,03/08/2026,19:09:26,-,-,12/ago./26,,,PENDENTE,,,NÃO
Large Van Elétrica,EVM,JAC E-JV12,SSP8,Large Van Eletrica J750,Large Van Eletrica J750,Infra MLP,TAS9B93,11/08/2026,0,Large Van Eletrica J750,"R$ 1.012,00","R$ 39,00",RODOU,ATIVO,-,-,PROTOCOLO EVM20260714000007,OK,"Av. Dom Pedro I, 500 - Granjas Reunidas São Goncalo, Taubaté - SP, 12081-810, Brasil",G91DU79P2J77,03/08/2026,19:06:53,-,-,12/ago./26,,,PENDENTE,,,NÃO
Van Elétrica,Arval,JAC 5.5,SSP8,Van Elétrica JV,Van Elétrica JV,Infra MLP,TAR0C75,11/08/2026,0,Van Elétrica JV,"R$ 774,00","R$ 34,00",RODOU,ATIVO,-,-,PROTOCOLO 22281161,OK,"Av. Independência, 333 - Independência, Taubaté - SP, 12031-000, Brasil",G950R0TAR8XJ,03/08/2026,19:03:41,-,-,12/ago./26,,,PENDENTE,,,NÃO
Van Elétrica,Arval,JAC 5.5,SSP8,Van Elétrica JV,Van Elétrica JV,Infra MLP,TAS1H35,11/08/2026,0,Van Elétrica JV,"R$ 774,00","R$ 34,00",RODOU,ATIVO,-,-,-,OK,"Av. Feira de Santana, 82 - Jardim Vale do Sol, São José dos Campos - SP, 12238-000, Brasil",G95FV9BYYBPP,03/08/2026,19:09:45,-,-,12/ago./26,,,PENDENTE,,,NÃO
Van Elétrica,Arval,JAC 5.5,SSP8,Van Elétrica JV,Van Elétrica JV,Infra MLP,TAR0D57,10/08/2026,1,Van Elétrica JV,"R$ 774,00","R$ 34,00",RODOU,ATIVO,-,-,PROTOCOLO 22323794 - ALEXANDRA 21/07,OK,"Rod. João Amaral Gurgel, 3480 - Sapé 1, Caçapava - SP, 12285-020, Brasil",G9JNK414CXUV,03/08/2026,19:10:12,-,-,12/ago./26,,,PENDENTE,,,NÃO
Van Elétrica,Arval,JAC 5.5,SSP8,Van Elétrica JV,Van Elétrica JV,Infra MLP,TAT0E37,11/08/2026,0,Van Elétrica JV,"R$ 774,00","R$ 34,00",RODOU,ATIVO,-,-,PROTOCOLO 22281334,OK,"Av. Navrik Feres Aguiar, 38 - Piracangaguá, Taubaté - SP, 12042-340, Brasil",G9HUTM2CFVZV,03/08/2026,19:10:24,-,-,12/ago./26,,,PENDENTE,,,NÃO
Large Van Elétrica,EVM,JAC E-JV12,SSP8,Large Van Eletrica J750,Large Van Eletrica J750,Infra MLP,TAS9B92,11/08/2026,0,Large Van Eletrica J750,"R$ 1.012,00","R$ 39,00",RODOU,ATIVO,-,-,,OK,"R. H18B, 208 - Campus do CTA, São José dos Campos - SP, 12228-700, Brasil",G9RNA9HZP6B6,03/08/2026,19:09:56,-,-,12/ago./26,,,PENDENTE,,,NÃO
Van Elétrica,Arval,JAC 5.5,SSP8,Van Elétrica JV,Van Elétrica JV,Infra MLP,TAS1J11,11/08/2026,0,Van Elétrica JV,"R$ 774,00","R$ 34,00",RODOU,ATIVO,-,-,PROTOCOLO 22281263,OK,"R. Cap. Antônio Raposo Barreto, 50 - Jardim Bela Vista, Taubaté - SP, 12091-530, Brasil",G91Y6KDHFXAW,03/08/2026,18:45:46,-,-,12/ago./26,,,PENDENTE,,,NÃO
Large Van Elétrica,EVM,JAC E-JV12,SSP8,Large Van Eletrica J750,Large Van Eletrica J750,Infra MLP,TAS9B88,08/06/2026,64,Large Van Eletrica J750,"R$ 1.012,00","R$ 39,00",MANUTENÇÃO,INDISPONÍVEL,Amortecedor quebrado,"Veículo parou em rota, problemas no amortecedor - (30/05) a van TAS9B88, estourou o amortecedor e a roda entortou, por esse motivo também estourou o flexível do freio fazendo com que vazasse o óleo do freio.",,Offline,"R. Fernão Pompeu de Camargo, 803 - Jardim Leonor, Campinas - SP, 13041-025, Brasil",G9EAFPRE6MU4,10/03/2026,15:36:04,Oficina do Douglas Tech,11 93253-9946 / 11 98294-9466,a confirmar (Basepex),NÃO POSSUI,"Rua Impéria, 711 - Vila Nova Trieste Jarinu - SP, 11401-651",NA OFICINA,,,NÃO
Utilitário Elétrico,Localiza,Kangoo Z.E. MAXI 2 Lugares 2P,SSP9,E-Utilitário Last Mile,E-Utilitário Last Mile,Portatil,SDQ2J08,08/08/2026,3,E-Utilitário Last Mile,"R$ 583,00","R$ 26,00",RODOU,ATIVO,-,-,,OK,"CJXJ+5F - Jardim Nova Limeira, Limeira - SP, Brasil",G9RKESUVN5ET,03/08/2026,19:10:15,-,-,10/ago./26,,,OK,SIM,10/08/2026,SIM
Utilitário Elétrico,Localiza,Kangoo Z.E. MAXI 2 Lugares 2P,SSP9,E-Utilitário Last Mile,E-Utilitário Last Mile,Portatil,SDQ2J14,07/08/2026,4,E-Utilitário Last Mile,"R$ 583,00","R$ 26,00",RODOU,ATIVO,-,-,,OK,"CJXJ+5F - Jardim Nova Limeira, Limeira - SP, Brasil",G9VDHWD67DY6,03/08/2026,19:07:55,-,-,10/ago./26,,,OK,SIM,10/08/2026,SIM
Utilitário Elétrico,Localiza,Kangoo Z.E. MAXI 2 Lugares 2P,SSP9,E-Utilitário Last Mile,E-Utilitário Last Mile,Infra MLP,SDQ2J16,08/08/2026,3,E-Utilitário Last Mile,"R$ 583,00","R$ 26,00",RODOU,ATIVO,-,-,,OK,"Av. Dr. Lauro Corrêa da Silva, 2225 - Jardim Roseira, Limeira - SP, 35931-092, Brasil",G9JRYJKNWPRK,03/08/2026,19:10:27,-,-,10/ago./26,,,OK,SIM,10/08/2026,SIM
Utilitário Elétrico,Localiza,Kangoo Z.E. MAXI 2 Lugares 2P,SSP9,E-Utilitário Last Mile,E-Utilitário Last Mile,Portatil,SDQ2J48,08/08/2026,3,E-Utilitário Last Mile,"R$ 583,00","R$ 26,00",RODOU,ATIVO,-,-,,OK,"CJXJ+5F - Jardim Nova Limeira, Limeira - SP, Brasil",G93S462JADPJ,03/08/2026,19:09:00,-,-,10/ago./26,,,OK,SIM,10/08/2026,SIM
Utilitário Elétrico,Localiza,Kangoo Z.E. MAXI 2 Lugares 2P,SSP9,E-Utilitário Last Mile,E-Utilitário Last Mile,Portatil,SDQ2J11,08/08/2026,3,E-Utilitário Last Mile,"R$ 583,00","R$ 26,00",FOLGA,ATIVO,-,-,Aguardando orçamento complementar,Offline,"Via Francisco D'Andrea, 6706 - Jardim Porto Real II, Limeira - SP, 13484-130, Brasil",G9K41DUY1TNS,18/06/2026,17:33:18,-,-,10/ago./26,NÃO POSSUI,,OK,SIM,10/08/2026,SIM
Utilitário Elétrico,Localiza,Kangoo Z.E. MAXI 2 Lugares 2P,SSP9,E-Utilitário Last Mile,E-Utilitário Last Mile,Portatil,SDQ2J10,26/05/2026,77,E-Utilitário Last Mile,"R$ 583,00","R$ 26,00",MANUTENÇÃO FINALIZADA,INDISPONÍVEL,ok,Porta do motorista não tem macaneta e a de traz nao esta fechando,VEÍCULO LIBERADO 17/07 pela locadora mas a oficina não liberou / 03/08/2026 - veiculo liberado pela oficina com 49% de autonomia .,OK,"Av. Pres. Médici, 1214 - Mutinga, Osasco - SP, 06268-000, Brasil",G9REXU6VTJJC,03/08/2026,17:55:37,LOCALIZA - SÃO PAULO,-,a confirmar (Basepex),,"Rua Passos, 39- Belenzinho- São Paulo - SP",NA OFICINA,NÃO,,NÃO